ticker_original,ticker_suggested,candidate_exists_in_upper,exclude_reason,full_name,request_date,msg,suggested_name_upper,suggested_status_upper,suggested_primary_exchange_upper,suggested_entity_id_upper,suggested_name_full,suggested_status_full,suggested_primary_exchange_full,suggested_entity_id_full,suggested_first_seen_date,suggested_last_seen_date,manual_review_status,review_note,out_file,suggested_base_exists_in_upper,ticker,suggested_base_ticker
ABHW,ABH,True,overview_404,ABITIBIBOWATER INC COM STK NEW (DE)W.I.,2010-12-19,http_404,ABITIBIBOWATER INC COM STK NEW (DE),inactive,XNYS,ABH|XNYS,ABITIBIBOWATER INC COM STK NEW (DE),inactive,XNYS,ABH|XNYS,2007-10-29,2012-05-23,pending,,D:\reference\overview\ticker=ABHW\overview_ABHW_2010-12-19.parquet,True,ABHW,ABH
ABTW,ABT,True,overview_404,ABBOTT LABORATORIES COM STK (IL) EX-DIST W.I.,2013-01-01,http_404,Abbott Laboratories,active,XNYS,BBG000B9ZXB4,Abbott Laboratories,active,XNYS,BBG000B9ZXB4,2005-01-01,2026-03-09,pending,,D:\reference\overview\ticker=ABTW\overview_ABTW_2013-01-01.parquet,True,ABTW,ABT
ACTW,ACT,True,overview_404,ACTAVIS PLC COM SHS (IRL)W.I.,2014-07-01,http_404,ACTAVIS PLC COM SHS (IRL),inactive,XNYS,ACT|XNYS,ACTAVIS PLC COM SHS (IRL),inactive,XNYS,ACT|XNYS,2013-01-25,2015-06-14,pending,,D:\reference\overview\ticker=ACTW\overview_ACTW_2014-07-01.parquet,True,ACTW,ACT
ACVW,ACV,True,overview_404,ALBERTO CULVER CO NEW W.I,2006-11-16,http_404,AllianzGI Diversified Income & Convertible Fund Common Shares of Beneficial Interest With Par Value,inactive,XNYS,ACV|XNYS,AllianzGI Diversified Income & Convertible Fund Common Shares of Beneficial Interest With Par Value,inactive,XNYS,ACV|XNYS,2005-01-01,2019-09-05,pending,,D:\reference\overview\ticker=ACVW\overview_ACVW_2006-11-16.parquet,True,ACVW,ACV
ADNTW,ADNT,True,overview_404,Adient plc,2016-10-31,http_404,Adient plc Ordinary Shares,active,XNYS,ADNT|XNYS,Adient plc Ordinary Shares,active,XNYS,ADNT|XNYS,2016-10-31,2026-03-09,pending,,D:\reference\overview\ticker=ADNTW\overview_ADNTW_2016-10-31.parquet,True,ADNTW,ADNT
ADSW,ADS,False,overview_404,Alliance Data Systems Corporation,2021-11-07,http_404,,,,,,,,,,,pending,,D:\reference\overview\ticker=ADSW\overview_ADSW_2021-11-07.parquet,False,ADSW,ADS
ADTW,ADT,True,overview_404,ADT CORP W.I.,2012-09-30,http_404,ADT CORP,inactive,XNYS,ADT|XNYS,ADT CORP,inactive,XNYS,ADT|XNYS,2012-10-02,2016-05-02,pending,,D:\reference\overview\ticker=ADTW\overview_ADTW_2012-09-30.parquet,True,ADTW,ADT
AHLP,AHL,True,overview_404,ASPEN INS HLDGS LTD PERP PFD INCM EQTY REPL SECS (PIER) BMU,2005-12-14,http_404,Aspen Insurance Holdings Limited,inactive,XNYS,AHL|XNYS,Aspen Insurance Holdings Limited,inactive,XNYS,AHL|XNYS,2005-01-01,2026-02-24,pending,,D:\reference\overview\ticker=AHLP\overview_AHLP_2005-12-14.parquet,True,AHLP,AHL
AHOW,AHO,True,overview_404,KONINKLIJKE AHOLD NV SPONSORED ADR 2007 W.I.,2007-08-28,http_404,KONINKLIJKE AHOLD NV SPONS ADR (EA RPSTG 1 ORD),inactive,XNYS,AHO|XNYS,KONINKLIJKE AHOLD NV SPONS ADR (EA RPSTG 1 ORD),inactive,XNYS,AHO|XNYS,2005-01-01,2007-09-20,pending,,D:\reference\overview\ticker=AHOW\overview_AHOW_2007-08-28.parquet,True,AHOW,AHO
AHPW,AHP,True,overview_404,ASHFORD HOSPITALITY PRIME INC COM SK (MD) W.I.,2013-11-19,http_404,"Ashford Hospitality Prime, Inc.",inactive,XNYS,AHP|XNYS,"Ashford Hospitality Prime, Inc.",inactive,XNYS,AHP|XNYS,2013-11-21,2018-04-23,pending,,D:\reference\overview\ticker=AHPW\overview_AHPW_2013-11-19.parquet,True,AHPW,AHP
AIVW,AIV,True,overview_404,Apartment Investment and Management Company,2020-12-14,http_404,Apartment Investment & Mgmt,inactive,XNYS,AIV|XNYS,Apartment Investment & Mgmt,inactive,XNYS,AIV|XNYS,2005-01-01,2019-02-20,pending,,D:\reference\overview\ticker=AIVW\overview_AIVW_2020-12-14.parquet,True,AIVW,AIV
ALCW,ALC,True,overview_404,ASSISTED LIVING CONCEPTS INC NEV NEW W.I.,2006-11-09,http_404,Alcon Inc. Ordinary Shares,active,XNYS,ALC|XNYS,Alcon Inc. Ordinary Shares,active,XNYS,ALC|XNYS,2006-11-10,2026-03-09,pending,,D:\reference\overview\ticker=ALCW\overview_ALCW_2006-11-09.parquet,True,ALCW,ALC
ALLEW,ALLE,True,overview_404,ALLEGION PUB LTD CO W.I. (IRL),2013-12-02,http_404,Allegion Public Limited Company,active,XNYS,ALLE|XNYS,Allegion Public Limited Company,active,XNYS,ALLE|XNYS,2013-12-03,2026-03-09,pending,,D:\reference\overview\ticker=ALLEW\overview_ALLEW_2013-12-02.parquet,True,ALLEW,ALLE
ALVW,ALV,True,overview_404,"Autoliv, Inc.",2018-07-01,http_404,"Autoliv, Inc.",active,XNYS,BBG000BVLRY8,"Autoliv, Inc.",active,XNYS,BBG000BVLRY8,2005-01-01,2026-03-09,pending,,D:\reference\overview\ticker=ALVW\overview_ALVW_2018-07-01.parquet,True,ALVW,ALV
AMFWW,AMFW,True,overview_404,AMEC FORSTER WHEELER PLC ADS,2014-11-24,http_404,AMEC FOSTER WHEELER PLC,inactive,XNYS,AMFW|XNYS,AMEC FOSTER WHEELER PLC,inactive,XNYS,AMFW|XNYS,2014-11-26,2016-10-24,pending,,D:\reference\overview\ticker=AMFWW\overview_AMFWW_2014-11-24.parquet,True,AMFWW,AMFW
AOLW,AOL,True,overview_404,AOL INC COMMON STOCK WI,2009-12-09,http_404,AOL INC COMMON STOCK,inactive,XNYS,AOL|XNYS,AOL INC COMMON STOCK,inactive,XNYS,AOL|XNYS,2010-01-20,2015-06-23,pending,,D:\reference\overview\ticker=AOLW\overview_AOLW_2009-12-09.parquet,True,AOLW,AOL
APTVW,APTV,True,overview_404,Aptiv PLC,2017-12-04,http_404,Aptiv PLC,active,XNYS,APTV|XNYS,Aptiv PLC,active,XNYS,APTV|XNYS,2017-12-05,2026-03-09,pending,,D:\reference\overview\ticker=APTVW\overview_APTVW_2017-12-04.parquet,True,APTVW,APTV
ARMKW,ARMK,True,overview_404,Aramark,2023-10-01,http_404,ARAMARK,active,XNYS,BBG001KY4N87,ARAMARK,active,XNYS,BBG001KY4N87,2013-12-16,2026-03-09,pending,,D:\reference\overview\ticker=ARMKW\overview_ARMKW_2023-10-01.parquet,True,ARMKW,ARMK
ARPW,ARP,True,overview_404,ATLAS RES PARTNERS L P COM UIT REPSTG LTD PTNRS W.I.,2012-03-13,http_404,ATLAS RESOURCE PARTNERS L P COM UIT REPSTG LTD PTNRS,inactive,XNYS,ARP|XNYS,ATLAS RESOURCE PARTNERS L P COM UIT REPSTG LTD PTNRS,inactive,XNYS,ARP|XNYS,2005-02-04,2016-07-12,pending,,D:\reference\overview\ticker=ARPW\overview_ARPW_2012-03-13.parquet,True,ARPW,ARP
ASHW,ASH,True,overview_404,Ashland Global Holdings Inc.,2017-05-14,http_404,ASHLAND INC,inactive,XNYS,ASH|XNYS,ASHLAND INC,inactive,XNYS,ASH|XNYS,2005-01-01,2016-09-20,pending,,D:\reference\overview\ticker=ASHW\overview_ASHW_2017-05-14.parquet,True,ASHW,ASH
ASXW,ASX,True,overview_404,"ASE Industrial Holding Co., Ltd.",2018-05-01,http_404,AMER SEMI-COND ENG ADS (5CMSH),inactive,XNYS,ASX|XNYS,AMER SEMI-COND ENG ADS (5CMSH),inactive,XNYS,ASX|XNYS,2005-01-01,2016-10-24,pending,,D:\reference\overview\ticker=ASXW\overview_ASXW_2018-05-01.parquet,True,ASXW,ASX
AXLLW,AXLL,True,overview_404,AXIALL CORP COM STK (DE) W.I.,2013-02-04,http_404,AXIALL CORP COM STK (DE),inactive,XNYS,AXLL|XNYS,AXIALL CORP COM STK (DE),inactive,XNYS,AXLL|XNYS,2013-01-30,2016-08-31,pending,,D:\reference\overview\ticker=AXLLW\overview_AXLLW_2013-02-04.parquet,True,AXLLW,AXLL
BBUW,BBU,True,overview_404,Brookfield Business Partners L.P. Limited Partnership Units,2022-03-14,http_404,Brookfield Business Partners L.P.Limited Partnership Units,active,XNYS,BBU|XNYS,Brookfield Business Partners L.P.Limited Partnership Units,active,XNYS,BBU|XNYS,2016-06-21,2026-03-09,pending,,D:\reference\overview\ticker=BBUW\overview_BBUW_2022-03-14.parquet,True,BBUW,BBU
BDXW,BDX,True,overview_404,"Becton, Dickinson and Company",2022-03-31,http_404,"Becton, Dickinson and Co.",active,XNYS,BBG000BCZYD3,"Becton, Dickinson and Co.",active,XNYS,BBG000BCZYD3,2005-01-01,2026-03-09,pending,,D:\reference\overview\ticker=BDXW\overview_BDXW_2022-03-31.parquet,True,BDXW,BDX
BEPW,BEP,True,overview_404,Brookfield Renewable Partners L.P. Limited Partnership Units,2020-07-29,http_404,Brookfield Renewable Partners L.P.,active,XNYS,BEP|XNYS,Brookfield Renewable Partners L.P.,active,XNYS,BEP|XNYS,2005-03-29,2026-03-09,pending,,D:\reference\overview\ticker=BEPW\overview_BEPW_2020-07-29.parquet,True,BEPW,BEP
BHVNW,BHVN,True,overview_404,Biohaven Ltd.,2022-10-04,http_404,Biohaven Ltd.,active,XNYS,BHVN|XNYS,Biohaven Ltd.,active,XNYS,BHVN|XNYS,2017-05-03,2026-03-09,pending,,D:\reference\overview\ticker=BHVNW\overview_BHVNW_2022-10-04.parquet,True,BHVNW,BHVN
BIPW,BIP,True,overview_404,Brookfield Infrastructure Partners L.P. Limited Partnership Units,2020-03-30,http_404,Brookfield Infrastructure Partners L.P. Limited Partnership Units,active,XNYS,BIP|XNYS,Brookfield Infrastructure Partners L.P. Limited Partnership Units,active,XNYS,BIP|XNYS,2008-02-04,2026-03-09,pending,,D:\reference\overview\ticker=BIPW\overview_BIPW_2020-03-30.parquet,True,BIPW,BIP
BNKW,BNK,True,overview_404,TD BANKNORTH INC. W.I.,2006-02-09,http_404,C1 FINL INC COM STK (FL),inactive,XNYS,BNK|XNYS,C1 FINL INC COM STK (FL),inactive,XNYS,BNK|XNYS,2005-01-01,2016-07-21,pending,,D:\reference\overview\ticker=BNKW\overview_BNKW_2006-02-09.parquet,True,BNKW,BNK
BNW,BN,True,overview_404,Brookfield Corporation,2022-12-12,http_404,Brookfield Corporation,active,XNYS,BBG000C9KL89,Brookfield Corporation,active,XNYS,BBG000C9KL89,2005-11-15,2026-03-09,pending,,D:\reference\overview\ticker=BNW\overview_BNW_2022-12-12.parquet,True,BNW,BN
BPYW,BPY,True,overview_404,BROOKFIELD PPTY PARTNERS L P UIT LTD PARTNERSHIP W.I. (BMU),2013-04-14,http_404,Brookfield Property Partners L.P. Limited Partnership Units,inactive,XNAS,BPY|XNAS,Brookfield Property Partners L.P. Limited Partnership Units,inactive,XNAS,BPY|XNAS,2017-11-16,2021-07-26,pending,,D:\reference\overview\ticker=BPYW\overview_BPYW_2013-04-14.parquet,True,BPYW,BPY
BTXW,BTX,True,overview_404,BIOTIME INC EX-DISTRIBUTION WI,2016-01-03,http_404,"Biotime, Inc.",inactive,XASE,BBG00JQ541N6,"Biotime, Inc.",inactive,XASE,BBG00JQ541N6,2009-11-02,2019-08-11,pending,,D:\reference\overview\ticker=BTXW\overview_BTXW_2016-01-03.parquet,True,BTXW,BTX
BWAW,BWA,True,overview_404,BorgWarner Inc.,2023-07-04,http_404,BorgWarner Inc.,active,XNYS,BBG000BJ49H3,BorgWarner Inc.,active,XNYS,BBG000BJ49H3,2005-01-01,2026-03-09,pending,,D:\reference\overview\ticker=BWAW\overview_BWAW_2023-07-04.parquet,True,BWAW,BWA
BWCW,BWC,True,overview_404,BABCOCK & WILCOX COMPANY COM STK W.I.,2010-08-01,http_404,Blue Whale Acquisition Corp I Class A Ordinary Shares,inactive,XNAS,BWC|XNAS,Blue Whale Acquisition Corp I Class A Ordinary Shares,inactive,XNAS,BWC|XNAS,2021-09-24,2023-08-06,pending,,D:\reference\overview\ticker=BWCW\overview_BWCW_2010-08-01.parquet,True,BWCW,BWC
BXLTW,BXLT,True,overview_404,BAXALTA INC COM STK (DE) W.I.,2015-06-30,http_404,BAXALTA INC COM STK (DE),inactive,XNYS,BXLT|XNYS,BAXALTA INC COM STK (DE),inactive,XNYS,BXLT|XNYS,2015-07-02,2016-06-05,pending,,D:\reference\overview\ticker=BXLTW\overview_BXLTW_2015-06-30.parquet,True,BXLTW,BXLT
CAGW,CAG,True,overview_404,"ConAgra Foods, Inc.",2016-11-09,http_404,"Conagra Brands, Inc.",active,XNYS,BBG000BDXGP9,"Conagra Brands, Inc.",active,XNYS,BBG000BDXGP9,2005-01-01,2026-03-09,pending,,D:\reference\overview\ticker=CAGW\overview_CAGW_2016-11-09.parquet,True,CAGW,CAG
CBSOW,CBSO,True,overview_404,CBS OUTDOOR AMERS INC COM STK (MD)W.I.,2014-07-16,http_404,CBS OUTDOOR AMERS INC COM STK (MD),inactive,XNYS,CBSO|XNYS,CBS OUTDOOR AMERS INC COM STK (MD),inactive,XNYS,CBSO|XNYS,2014-04-01,2014-11-19,pending,,D:\reference\overview\ticker=CBSOW\overview_CBSOW_2014-07-16.parquet,True,CBSOW,CBSO
CCPW,CCP,True,overview_404,"CARE CAPITAL PROPERTIES, INC COM W.I.",2015-08-17,http_404,"Care Capital Properties, Inc.",inactive,XNYS,CCP|XNYS,"Care Capital Properties, Inc.",inactive,XNYS,CCP|XNYS,2015-08-19,2017-08-17,pending,,D:\reference\overview\ticker=CCPW\overview_CCPW_2015-08-17.parquet,True,CCPW,CCP
CFLW,CFL,True,overview_404,"BRINK'S HOME SECURITY HOLDINGS, INC. WI",2008-11-02,http_404,"BRINK'S HOME SECURITY HOLDINGS, INC.",inactive,XNYS,CFL|XNYS,"BRINK'S HOME SECURITY HOLDINGS, INC.",inactive,XNYS,CFL|XNYS,2008-11-04,2010-05-16,pending,,D:\reference\overview\ticker=CFLW\overview_CFLW_2008-11-02.parquet,True,CFLW,CFL
CFNW,CFN,True,overview_404,CAREFUSION CORPORATION W.I.,2009-08-31,http_404,CAREFUSION CORPORATION,inactive,XNYS,CFN|XNYS,CAREFUSION CORPORATION,inactive,XNYS,CFN|XNYS,2009-09-04,2015-03-17,pending,,D:\reference\overview\ticker=CFNW\overview_CFNW_2009-08-31.parquet,True,CFNW,CFN
CHTW,CHT,True,overview_404,CHUNGHWA TELECOM CO LTD SPONSORED ADR NEW 2010 W.I.,2010-02-10,http_404,CHUNGHWA TELECOM CO LTD SPON ADR NEW (TWN),inactive,XNYS,BBG000BBYJ94,CHUNGHWA TELECOM CO LTD SPON ADR NEW (TWN),inactive,XNYS,BBG000BBYJ94,2011-01-07,2016-10-24,pending,,D:\reference\overview\ticker=CHTW\overview_CHTW_2010-02-10.parquet,True,CHTW,CHT
CKHW,CKH,True,overview_404,SEACOR Holdings Inc.,2017-06-01,http_404,Seacor Holdings Inc.,inactive,XNYS,CKH|XNYS,Seacor Holdings Inc.,inactive,XNYS,CKH|XNYS,2005-01-01,2021-04-15,pending,,D:\reference\overview\ticker=CKHW\overview_CKHW_2017-06-01.parquet,True,CKHW,CKH
CLNSPF,,False,overview_404,"Colony NorthStar, Inc.",2017-01-17,http_404,,,,,,,,,,,pending,,D:\reference\overview\ticker=CLNSPF\overview_CLNSPF_2017-01-17.parquet,False,CLNSPF,
CMDBW,CMDB,True,overview_404,Costamare Bulkers Holdings Limited,2025-05-07,http_404,Costamare Bulkers Holdings Limited,active,XNYS,CMDB|XNYS,Costamare Bulkers Holdings Limited,active,XNYS,CMDB|XNYS,2025-05-07,2026-03-09,pending,,D:\reference\overview\ticker=CMDBW\overview_CMDBW_2025-05-07.parquet,True,CMDBW,CMDB
CMG.BW,CMG,True,overview_404,"CHIPOTLE MEXICAN GRILL, INC. CLASS B COMMON STOCK (WI)",2006-10-12,http_404,"Chipotle Mexican Grill, Inc.",active,XNYS,BBG000QX74T1,"Chipotle Mexican Grill, Inc.",active,XNYS,BBG000QX74T1,2006-01-26,2026-03-09,pending,,D:\reference\overview\ticker=CMG.BW\overview_CMG.BW_2006-10-12.parquet,True,CMG.BW,CMG
CMREW,CMRE,True,overview_404,Costamare Inc.,2025-05-06,http_404,Costamare Inc.,active,XNYS,CMRE|XNYS,Costamare Inc.,active,XNYS,CMRE|XNYS,2010-11-05,2026-03-09,pending,,D:\reference\overview\ticker=CMREW\overview_CMREW_2025-05-06.parquet,True,CMREW,CMRE
COVW,COV,True,overview_404,"COVIDIEN LTD, COM WI",2007-07-01,http_404,COVIDIEN PLC  COM SHS NEW (IRELAND),inactive,XNYS,COV|XNYS,COVIDIEN PLC  COM SHS NEW (IRELAND),inactive,XNYS,COV|XNYS,2007-07-02,2015-01-26,pending,,D:\reference\overview\ticker=COVW\overview_COVW_2007-07-01.parquet,True,COVW,COV
CPGXW,CPGX,True,overview_404,COLUMBIA PIPELINE GROUP IN COM STK W.I. (DE),2015-07-01,http_404,COLUMBIA PIPELINE GROUP IN COM STK  (DE),inactive,XNYS,CPGX|XNYS,COLUMBIA PIPELINE GROUP IN COM STK  (DE),inactive,XNYS,CPGX|XNYS,2015-07-06,2016-06-30,pending,,D:\reference\overview\ticker=CPGXW\overview_CPGXW_2015-07-01.parquet,True,CPGXW,CPGX
CPLGW,CPLG,True,overview_404,CorePoint Lodging Inc.,2018-05-30,http_404,CorePoint Lodging Inc. Common Stock,inactive,XNYS,BBG00FSCQ331,CorePoint Lodging Inc. Common Stock,inactive,XNYS,BBG00FSCQ331,2022-02-08,2022-02-08,pending,,D:\reference\overview\ticker=CPLGW\overview_CPLGW_2018-05-30.parquet,True,CPLGW,CPLG
CPNW,CPN,True,overview_404,CALPINE CORPORATION COMMON STOCK W.I.,2008-02-06,http_404,Calpine Corporation,inactive,XNYS,CPN|XNYS,Calpine Corporation,inactive,XNYS,CPN|XNYS,2005-01-01,2018-03-08,pending,,D:\reference\overview\ticker=CPNW\overview_CPNW_2008-02-06.parquet,True,CPNW,CPN
CRCW,CRC,True,overview_404,CALIFORNIA RES CORP COM STK (DE) W.I.,2014-11-30,http_404,California Resources Corporation,inactive,XNYS,BBG007QZ3VM2,California Resources Corporation,inactive,XNYS,BBG007QZ3VM2,2016-06-02,2020-07-16,pending,,D:\reference\overview\ticker=CRCW\overview_CRCW_2014-11-30.parquet,True,CRCW,CRC
CSRAW,CSRA,True,overview_404,"CSRA, INC COM STK W.I.",2015-11-29,http_404,CSRA Inc.,inactive,XNYS,CSRA|XNYS,CSRA Inc.,inactive,XNYS,CSRA|XNYS,2015-12-01,2018-04-03,pending,,D:\reference\overview\ticker=CSRAW\overview_CSRAW_2015-11-29.parquet,True,CSRAW,CSRA
CSTW,CST,True,overview_404,CST BRANDS INC COM W.I.,2013-05-01,http_404,"CST Brands, Inc.",inactive,XNYS,CST|XNYS,"CST Brands, Inc.",inactive,XNYS,CST|XNYS,2013-05-03,2017-06-27,pending,,D:\reference\overview\ticker=CSTW\overview_CSTW_2013-05-01.parquet,True,CSTW,CST
CVEOW,CVEO,True,overview_404,CIVEO CORP COM W.I.,2014-06-01,http_404,Civeo Corporation,active,XNYS,BBG009KJ2H24,Civeo Corporation,active,XNYS,BBG009KJ2H24,2020-11-20,2026-03-09,pending,,D:\reference\overview\ticker=CVEOW\overview_CVEOW_2014-06-01.parquet,True,CVEOW,CVEO
CXTW,CXT,True,overview_404,"Crane NXT, Co.",2023-04-02,http_404,"Crane NXT, Co.",active,XNYS,BBG017BXPZ85,"Crane NXT, Co.",active,XNYS,BBG017BXPZ85,2022-05-17,2026-03-09,pending,,D:\reference\overview\ticker=CXTW\overview_CXTW_2023-04-02.parquet,True,CXTW,CXT
DDRW,DDR,True,overview_404,DDR Corp.,2018-07-01,http_404,DDR Corp.,inactive,XNYS,DDR|XNYS,DDR Corp.,inactive,XNYS,DDR|XNYS,2005-01-01,2018-10-11,pending,,D:\reference\overview\ticker=DDRW\overview_DDRW_2018-07-01.parquet,True,DDRW,DDR
DDW,DD,True,overview_404,"DuPont de Nemours, Inc",2025-11-02,http_404,"DuPont de Nemours, Inc. Common Stock",active,XNYS,BBG00BN961G4,"DuPont de Nemours, Inc. Common Stock",active,XNYS,BBG00BN961G4,2019-05-24,2026-03-09,pending,,D:\reference\overview\ticker=DDW\overview_DDW_2025-11-02.parquet,True,DDW,DD
DELLW,DELL,True,overview_404,Dell Technologies Inc.,2021-11-01,http_404,Dell Technologies Inc.,active,XNYS,BBG00DW3SZS1,Dell Technologies Inc.,active,XNYS,BBG00DW3SZS1,2018-12-26,2026-03-09,pending,,D:\reference\overview\ticker=DELLW\overview_DELLW_2021-11-01.parquet,True,DELLW,DELL
DHRW,DHR,True,overview_404,Danaher Corporation,2023-10-01,http_404,Danaher Corporation,active,XNYS,BBG000BH3JF8,Danaher Corporation,active,XNYS,BBG000BH3JF8,2005-01-01,2026-03-09,pending,,D:\reference\overview\ticker=DHRW\overview_DHRW_2023-10-01.parquet,True,DHRW,DHR
DLPHW,DLPH,True,overview_404,Delphi Technologies PLC,2017-12-04,http_404,Delphi Technologies PLC Ordinary Shares,inactive,XNYS,DLPH|XNYS,Delphi Technologies PLC Ordinary Shares,inactive,XNYS,DLPH|XNYS,2011-11-18,2020-10-01,pending,,D:\reference\overview\ticker=DLPHW\overview_DLPHW_2017-12-04.parquet,True,DLPHW,DLPH
DOVW,DOV,True,overview_404,Dover Corporation,2018-05-08,http_404,Dover Corporation,active,XNYS,BBG000BHB3M6,Dover Corporation,active,XNYS,BBG000BHB3M6,2005-01-01,2026-03-09,pending,,D:\reference\overview\ticker=DOVW\overview_DOVW_2018-05-08.parquet,True,DOVW,DOV
DPSW,DPS,True,overview_404,DR PEPPER SNAPPLE GROUP INC  WI,2008-05-06,http_404,Dr Pepper Snapple Group Inc,inactive,XNYS,DPS|XNYS,Dr Pepper Snapple Group Inc,inactive,XNYS,DPS|XNYS,2008-05-08,2018-07-09,pending,,D:\reference\overview\ticker=DPSW\overview_DPSW_2008-05-06.parquet,True,DPSW,DPS
DSSIW,DSSI,True,overview_404,Diamond S Shipping Inc.,2019-03-27,http_404,Diamond S Shipping Inc. Common Shares,inactive,XNYS,DSSI|XNYS,Diamond S Shipping Inc. Common Shares,inactive,XNYS,DSSI|XNYS,2019-03-28,2021-07-18,pending,,D:\reference\overview\ticker=DSSIW\overview_DSSIW_2019-03-27.parquet,True,DSSIW,DSSI
DTEW,DTE,True,overview_404,DTE Energy Company,2021-06-30,http_404,DTE Energy Company,active,XNYS,BBG000BB29X4,DTE Energy Company,active,XNYS,BBG000BB29X4,2005-01-01,2026-03-09,pending,,D:\reference\overview\ticker=DTEW\overview_DTEW_2021-06-30.parquet,True,DTEW,DTE
DWDPW,DWDP,True,overview_404,DowDuPont Inc.,2019-04-01,http_404,DowDuPont Inc.,inactive,XNYS,DWDP|XNYS,DowDuPont Inc.,inactive,XNYS,DWDP|XNYS,2017-09-01,2019-06-02,pending,,D:\reference\overview\ticker=DWDPW\overview_DWDPW_2019-04-01.parquet,True,DWDPW,DWDP
DXCW,DXC,True,overview_404,DXC Technology Company,2018-05-31,http_404,DXC Technology Company,active,XNYS,BBG00FN64XT9,DXC Technology Company,active,XNYS,BBG00FN64XT9,2017-03-16,2026-03-09,pending,,D:\reference\overview\ticker=DXCW\overview_DXCW_2018-05-31.parquet,True,DXCW,DXC
EGLW,EGL,True,overview_404,ENGILITY HLDGS INC W.I.,2012-07-17,http_404,"Engility Holdings, Inc.",inactive,XNYS,EGL|XNYS,"Engility Holdings, Inc.",inactive,XNYS,EGL|XNYS,2012-07-19,2019-01-14,pending,,D:\reference\overview\ticker=EGLW\overview_EGLW_2012-07-17.parquet,True,EGLW,EGL
EHCW,EHC,True,overview_404,Encompass Health Corporation,2022-06-29,http_404,Encompass Health Corporation Common Stock,active,XNYS,BBG000BGBRG2,Encompass Health Corporation Common Stock,active,XNYS,BBG000BGBRG2,2018-01-02,2026-03-09,pending,,D:\reference\overview\ticker=EHCW\overview_EHCW_2022-06-29.parquet,True,EHCW,EHC
ENIR,,False,overview_404,ENERSIS S A RTS EXP 3/21/2013 (CHL),2013-03-17,http_404,,,,,,,,,,,pending,,D:\reference\overview\ticker=ENIR\overview_ENIR_2013-03-17.parquet,False,ENIR,
ENLW,ENL,True,overview_404,REED ELSEVIER NV ADS NEW (EA REPTSG 2 ORD SHS),2008-01-10,http_404,REED ELSEVIER NV ADS NEW (EA REPTSG 2 ORD SHS),inactive,XNYS,ENL|XNYS,REED ELSEVIER NV ADS NEW (EA REPTSG 2 ORD SHS),inactive,XNYS,ENL|XNYS,2005-01-01,2015-07-01,pending,,D:\reference\overview\ticker=ENLW\overview_ENLW_2008-01-10.parquet,True,ENLW,ENL
ENOVW,ENOV,True,overview_404,Enovis Corporation,2022-04-05,http_404,Enovis Corporation,active,XNYS,BBG000C5Z443,Enovis Corporation,active,XNYS,BBG000C5Z443,2022-02-08,2026-03-09,pending,,D:\reference\overview\ticker=ENOVW\overview_ENOVW_2022-04-05.parquet,True,ENOVW,ENOV
EOCAW,EOCA,True,overview_404,ENDESA AMRICAS S.A. SPONSORED ADR WI,2016-04-26,http_404,ENDESA AMRICAS S.A. SPONSORED ADR,inactive,XNYS,EOCA|XNYS,ENDESA AMRICAS S.A. SPONSORED ADR,inactive,XNYS,EOCA|XNYS,2016-04-28,2016-10-24,pending,,D:\reference\overview\ticker=EOCAW\overview_EOCAW_2016-04-26.parquet,True,EOCAW,EOCA
EQTW,EQT,True,overview_404,EQT Corporation,2018-11-12,http_404,EQT CORP,active,XNYS,BBG000BHZ5J9,EQT CORP,active,XNYS,BBG000BHZ5J9,2009-02-10,2026-03-09,pending,,D:\reference\overview\ticker=EQTW\overview_EQTW_2018-11-12.parquet,True,EQTW,EQT
EQW,EQ,True,overview_404,EMBARQ CORPORATION W.I.,2006-05-17,http_404,"Equillium, Inc. Common Stock",active,XNAS,BBG00LSL8C10,"Equillium, Inc. Common Stock",active,XNAS,BBG00LSL8C10,2018-10-12,2026-03-09,pending,,D:\reference\overview\ticker=EQW\overview_EQW_2006-05-17.parquet,True,EQW,EQ
ETCW,ETC,True,overview_404,ENERGY TRANSFER CORP LP COM SHS REPSTG LTD PTR INT W.I. (DE),2016-06-29,http_404,ENVIRONMENTAL TECTONICS CORP,inactive,XASE,BBG000C4KD97,ENVIRONMENTAL TECTONICS CORP,inactive,XASE,BBG000C4KD97,2008-10-03,2009-05-31,pending,,D:\reference\overview\ticker=ETCW\overview_ETCW_2016-06-29.parquet,True,ETCW,ETC
ETPW,ETP,True,overview_404,ENERGY TRANSFER PARTNERS LP W.I.,2012-10-10,http_404,"Energy Transfer Partners, L.P.",inactive,XNYS,ETP|XNYS,"Energy Transfer Partners, L.P.",inactive,XNYS,ETP|XNYS,2005-01-01,2018-10-18,pending,,D:\reference\overview\ticker=ETPW\overview_ETPW_2012-10-10.parquet,True,ETPW,ETP
FBINW,FBIN,True,overview_404,"Fortune Brands Home & Security, Inc.",2022-12-13,http_404,"Fortune Brands Innovations, Inc.",active,XNYS,BBG001B4BV87,"Fortune Brands Innovations, Inc.",active,XNYS,BBG001B4BV87,2011-09-19,2026-03-09,pending,,D:\reference\overview\ticker=FBINW\overview_FBINW_2022-12-13.parquet,True,FBINW,FBIN
FMCW,FMC,True,overview_404,FMC Corporation,2019-03-03,http_404,FMC Corporation,active,XNYS,BBG000BJP882,FMC Corporation,active,XNYS,BBG000BJP882,2005-01-01,2026-03-09,pending,,D:\reference\overview\ticker=FMCW\overview_FMCW_2019-03-03.parquet,True,FMCW,FMC
FNFVW,FNFV,True,overview_404,FIDELITY NAT FINL INC NEW FNFV GROUP COM W.I.,2014-06-30,http_404,"Fidelity Natl Financial, Inc.",inactive,XNYS,FNFV|XNYS,"Fidelity Natl Financial, Inc.",inactive,XNYS,FNFV|XNYS,2014-07-02,2017-11-19,pending,,D:\reference\overview\ticker=FNFVW\overview_FNFVW_2014-06-30.parquet,True,FNFVW,FNFV
FNFW,FNF,True,overview_404,"Fidelity National Financial, Inc.",2022-11-29,http_404,"Fidelity National Financial, Inc.",active,XNYS,BBG006N7S6K9,"Fidelity National Financial, Inc.",active,XNYS,BBG006N7S6K9,2014-06-25,2026-03-09,pending,,D:\reference\overview\ticker=FNFW\overview_FNFW_2022-11-29.parquet,True,FNFW,FNF
FNTW,FNT,True,overview_404,"FIDELITY NATIONAL FINANCIAL, INC. W.I.",2005-10-17,http_404,"FIDELITY NATIONAL TITLE GROUP, INC. CL A",inactive,XNYS,FNT|XNYS,"FIDELITY NATIONAL TITLE GROUP, INC. CL A",inactive,XNYS,FNT|XNYS,2005-10-18,2006-11-09,pending,,D:\reference\overview\ticker=FNTW\overview_FNTW_2005-10-17.parquet,True,FNTW,FNT
FORW,FOR,True,overview_404,FORESTAR REAL ESTATE GROUP INC COM W.I.,2007-12-30,http_404,Forestar Group Inc.,active,XNYS,BBG000BB1YV2,Forestar Group Inc.,active,XNYS,BBG000BB1YV2,2017-09-28,2026-03-09,pending,,D:\reference\overview\ticker=FORW\overview_FORW_2007-12-30.parquet,True,FORW,FOR
FTVW,FTV,True,overview_404,Fortive Corporation,2025-06-29,http_404,Fortive Corporation,active,XNYS,BBG00BLVZ228,Fortive Corporation,active,XNYS,BBG00BLVZ228,2016-06-15,2026-03-09,pending,,D:\reference\overview\ticker=FTVW\overview_FTVW_2025-06-29.parquet,True,FTVW,FTV
GDVW,GDV,True,overview_404,GABELLI DIVIDEND & INCOME TRUST EX DIST W.I.,2014-06-23,http_404,The Gabelli Dividend & Income Trust,inactive,XNYS,BBG000C08PV7,The Gabelli Dividend & Income Trust,inactive,XNYS,BBG000C08PV7,2005-01-01,2022-08-22,pending,,D:\reference\overview\ticker=GDVW\overview_GDVW_2014-06-23.parquet,True,GDVW,GDV
GEW,GE,True,overview_404,General Electric Company,2023-01-03,http_404,General Electric Company,inactive,XNYS,BBG000BFQ5F7,General Electric Company,inactive,XNYS,BBG000BFQ5F7,2022-02-08,2022-02-08,pending,,D:\reference\overview\ticker=GEW\overview_GEW_2023-01-03.parquet,True,GEW,GE
GFGW,GFG,True,overview_404,GUARANTY FINANCIAL GROUP INC. W.I.,2007-12-30,http_404,GUARANTY FINANCIAL GROUP INC.,inactive,XNYS,GFG|XNYS,GUARANTY FINANCIAL GROUP INC.,inactive,XNYS,GFG|XNYS,2008-01-08,2009-08-24,pending,,D:\reference\overview\ticker=GFGW\overview_GFGW_2007-12-30.parquet,True,GFGW,GFG
HCPW,HCP,True,overview_404,"HCP, Inc.",2016-10-31,http_404,"HCP, INC.",inactive,XNYS,BBG005QPDWZ1,"HCP, INC.",inactive,XNYS,BBG005QPDWZ1,2007-09-12,2019-11-04,pending,,D:\reference\overview\ticker=HCPW\overview_HCPW_2016-10-31.parquet,True,HCPW,HCP
HHHW,HHH,True,overview_404,Howard Hughes Holdings Inc.,2024-07-30,http_404,Howard Hughes Holdings Inc.,active,XNYS,BBG01HTMDZ54,Howard Hughes Holdings Inc.,active,XNYS,BBG01HTMDZ54,2023-08-14,2026-03-09,pending,,D:\reference\overview\ticker=HHHW\overview_HHHW_2024-07-30.parquet,True,HHHW,HHH
HONW,HON,True,overview_404,Honeywell International Inc.,2018-10-28,http_404,"Honeywell International, Inc.",active,XNAS,BBG000H556T9,"Honeywell International, Inc.",active,XNAS,BBG000H556T9,2005-01-01,2026-03-09,pending,,D:\reference\overview\ticker=HONW\overview_HONW_2018-10-28.parquet,True,HONW,HON
HPEW,HPE,True,overview_404,Hewlett Packard Enterprise Co,2017-08-31,http_404,Hewlett Packard Enterprise Company,active,XNYS,BBG0078W3NQ3,Hewlett Packard Enterprise Company,active,XNYS,BBG0078W3NQ3,2015-10-21,2026-03-09,pending,,D:\reference\overview\ticker=HPEW\overview_HPEW_2017-08-31.parquet,True,HPEW,HPE
HYHW,HYH,True,overview_404,HALYARD HEALTH INC COM STK (DE) W.I.,2014-11-02,http_404,"Halyard Health, Inc.",inactive,XNYS,HYH|XNYS,"Halyard Health, Inc.",inactive,XNYS,HYH|XNYS,2014-11-04,2018-07-01,pending,,D:\reference\overview\ticker=HYHW\overview_HYHW_2014-11-02.parquet,True,HYHW,HYH
IARW,IAR,True,overview_404,IDEARC INC COM STK WI.,2006-11-19,http_404,IDEARC INC COM STK,inactive,XNYS,IAR|XNYS,IDEARC INC COM STK,inactive,XNYS,IAR|XNYS,2006-11-20,2008-11-20,pending,,D:\reference\overview\ticker=IARW\overview_IARW_2006-11-19.parquet,True,IARW,IAR
IBMW,IBM,True,overview_404,International Business Machines Corporation,2021-11-03,http_404,International Business Machines Corporation,active,XNYS,BBG000BLNNH6,International Business Machines Corporation,active,XNYS,BBG000BLNNH6,2005-01-01,2026-03-09,pending,,D:\reference\overview\ticker=IBMW\overview_IBMW_2021-11-03.parquet,True,IBMW,IBM
IDTW,IDT,True,overview_404,IDT Corporation,2018-03-26,http_404,IDT Corporation Class B,active,XNYS,BBG000NRVQJ2,IDT Corporation Class B,active,XNYS,BBG000NRVQJ2,2009-02-26,2026-03-09,pending,,D:\reference\overview\ticker=IDTW\overview_IDTW_2018-03-26.parquet,True,IDTW,IDT
IMG,,False,overview_404,CIMG Inc. Common Stock,2026-03-09,http_404,,,,,,,,,,,pending,,D:\reference\overview\ticker=IMG\overview_IMG_2026-03-09.parquet,False,IMG,
IMHPC,,False,overview_404,"IMPAC MORTGAGE HOLDINGS, INC. PFD SER C",2005-02-23,http_404,,,,,,,,,,,pending,,D:\reference\overview\ticker=IMHPC\overview_IMHPC_2005-02-23.parquet,False,IMHPC,
INSWW,INSW,True,overview_404,"International Seaways, Inc.",2016-12-01,http_404,"International Seaways, Inc. Common Stock",active,XNYS,INSW|XNYS,"International Seaways, Inc. Common Stock",active,XNYS,INSW|XNYS,2016-12-01,2026-03-09,pending,,D:\reference\overview\ticker=INSWW\overview_INSWW_2016-12-01.parquet,True,INSWW,INSW
IRW,IR,True,overview_404,Ingersoll-Rand PLC,2020-03-01,http_404,Ingersoll Rand Inc. Common Stock,active,XNYS,BBG002R1CW27,Ingersoll Rand Inc. Common Stock,active,XNYS,BBG002R1CW27,2020-03-02,2026-03-09,pending,,D:\reference\overview\ticker=IRW\overview_IRW_2020-03-01.parquet,True,IRW,IR
JCIW,JCI,True,overview_404,Johnson Controls International,2016-10-30,http_404,Johnson Controls International plc,active,XNYS,JCI|XNYS,Johnson Controls International plc,active,XNYS,JCI|XNYS,2005-01-01,2026-03-09,pending,,D:\reference\overview\ticker=JCIW\overview_JCIW_2016-10-30.parquet,True,JCIW,JCI
JEFW,JEF,True,overview_404,Jefferies Financial Group Inc.,2023-01-16,http_404,Jefferies Financial Group Inc.,active,XNYS,BBG000BNHSP9,Jefferies Financial Group Inc.,active,XNYS,BBG000BNHSP9,2018-05-24,2026-03-09,pending,,D:\reference\overview\ticker=JEFW\overview_JEFW_2023-01-16.parquet,True,JEFW,JEF
JMGW,JMG,True,overview_404,JOURNAL MEDIA GROUP INC COM W.I.,2015-03-31,http_404,JM Group Limited,active,XASE,JMG|XASE,JM Group Limited,active,XASE,JMG|XASE,2025-12-10,2026-03-09,pending,,D:\reference\overview\ticker=JMGW\overview_JMGW_2015-03-31.parquet,True,JMGW,JMG
JW,J,True,overview_404,Jacobs Solutions Inc.,2024-09-29,http_404,Jacobs Engineering Group,inactive,XNYS,BBG000BMFFQ0,Jacobs Engineering Group,inactive,XNYS,BBG000BMFFQ0,2005-01-01,2022-08-26,pending,,D:\reference\overview\ticker=JW\overview_JW_2024-09-29.parquet,True,JW,J
KARW,KAR,True,overview_404,"KAR Auction Services, Inc",2019-06-27,http_404,ADESA INC COM,inactive,XNYS,KAR|XNYS,ADESA INC COM,inactive,XNYS,KAR|XNYS,2005-01-01,2007-04-22,pending,,D:\reference\overview\ticker=KARW\overview_KARW_2019-06-27.parquet,True,KARW,KAR
KCGW,KCG,True,overview_404,"KCG HOLDINGS, INC CLASS A COM W.I.",2013-07-04,http_404,"KCG  Holdings, Inc.",inactive,XNYS,KCG|XNYS,"KCG  Holdings, Inc.",inactive,XNYS,KCG|XNYS,2010-05-26,2017-07-20,pending,,D:\reference\overview\ticker=KCGW\overview_KCGW_2013-07-04.parquet,True,KCGW,KCG
KENW,KEN,True,overview_404,KENON HLDGS LTD ORD SHS (SGP) W.I.,2015-01-14,http_404,KENON HOLDINGS LTD.,active,XNYS,KEN|XNYS,KENON HOLDINGS LTD.,active,XNYS,KEN|XNYS,2015-01-15,2026-03-09,pending,,D:\reference\overview\ticker=KENW\overview_KENW_2015-01-14.parquet,True,KENW,KEN
LGLW,LGL,True,overview_404,LGL Group Inc (The),2022-10-05,http_404,"The LGL Group, Inc.",active,XASE,BBG000BN6WD5,"The LGL Group, Inc.",active,XASE,BBG000BN6WD5,2008-10-03,2026-03-09,pending,,D:\reference\overview\ticker=LGLW\overview_LGLW_2022-10-05.parquet,True,LGLW,LGL
LHW,LH,True,overview_404,Laboratory Corporation of America Holdings,2023-07-02,http_404,Laboratory Corporation of America Holdings,inactive,XNYS,BBG000D9DMK0,Laboratory Corporation of America Holdings,inactive,XNYS,BBG000D9DMK0,2005-01-01,2024-05-19,pending,,D:\reference\overview\ticker=LHW\overview_LHW_2023-07-02.parquet,True,LHW,LH
LPSW,LPS,True,overview_404,LENDER PROCESSING SERVICES INC W.I.,2008-07-02,http_404,LENDER PROCESSING SERVICES INC,inactive,XNYS,LPS|XNYS,LENDER PROCESSING SERVICES INC,inactive,XNYS,LPS|XNYS,2008-07-09,2014-01-02,pending,,D:\reference\overview\ticker=LPSW\overview_LPSW_2008-07-02.parquet,True,LPSW,LPS
LYVW,LYV,True,overview_404,"CCE SPINCO, INC. W.I.",2005-12-21,http_404,Live Nation Entertainment Inc.,active,XNYS,BBG000FQ7YR4,Live Nation Entertainment Inc.,active,XNYS,BBG000FQ7YR4,2006-01-09,2026-03-09,pending,,D:\reference\overview\ticker=LYVW\overview_LYVW_2005-12-21.parquet,True,LYVW,LYV
MDUW,MDU,True,overview_404,"MDU Resources Group, Inc.",2023-05-31,http_404,"MDU Resources Group, Inc.",active,XNYS,BBG000BNX3R4,"MDU Resources Group, Inc.",active,XNYS,BBG000BNX3R4,2005-01-01,2026-03-09,pending,,D:\reference\overview\ticker=MDUW\overview_MDUW_2023-05-31.parquet,True,MDUW,MDU
METW,MET,True,overview_404,"MetLife, Inc.",2017-08-06,http_404,"MetLife, Inc.",active,XNYS,BBG000BB6KF5,"MetLife, Inc.",active,XNYS,BBG000BB6KF5,2005-01-01,2026-03-09,pending,,D:\reference\overview\ticker=METW\overview_METW_2017-08-06.parquet,True,METW,MET
MEW,ME,True,overview_404,MARINER ENERGY INC NEW COM W.I.,2006-03-02,http_404,23andMe Holding Co. Class A Common Stock,inactive,XNAS,BBG00XV5CYH5,23andMe Holding Co. Class A Common Stock,inactive,XNAS,BBG00XV5CYH5,2021-06-17,2025-03-30,pending,,D:\reference\overview\ticker=MEW\overview_MEW_2006-03-02.parquet,True,MEW,ME
MFGPW,MFGP,True,overview_404,Micro Focus International plc,2017-08-20,http_404,"Micro Focus International plc. American Depositary Shares, each representing One Ordinary Share",inactive,XNYS,BBG00HFWVGN0,"Micro Focus International plc. American Depositary Shares, each representing One Ordinary Share",inactive,XNYS,BBG00HFWVGN0,2019-08-14,2023-01-30,pending,,D:\reference\overview\ticker=MFGPW\overview_MFGPW_2017-08-20.parquet,True,MFGPW,MFGP
MFSW,MFS,True,overview_404,MANITOWOC FOODSERVICE INC COM,2016-03-03,http_404,"Manitowoc Foodservice, Inc.",inactive,XNYS,MFS|XNYS,"Manitowoc Foodservice, Inc.",inactive,XNYS,MFS|XNYS,2016-03-07,2017-03-05,pending,,D:\reference\overview\ticker=MFSW\overview_MFSW_2016-03-03.parquet,True,MFSW,MFS
MMIW,MMI,True,overview_404,MOTOROLA MOBILITY HLDGS INC COM STK NEW (DE)W.I.,2011-01-03,http_404,MARCUS & MILLICHAP,active,XNYS,BBG005GBRSR6,MARCUS & MILLICHAP,active,XNYS,BBG005GBRSR6,2013-11-04,2026-03-09,pending,,D:\reference\overview\ticker=MMIW\overview_MMIW_2011-01-03.parquet,True,MMIW,MMI
MMMW,MMM,True,overview_404,3M Company,2024-03-31,http_404,3M Company,active,XNYS,BBG000BP52R2,3M Company,active,XNYS,BBG000BP52R2,2005-01-01,2026-03-09,pending,,D:\reference\overview\ticker=MMMW\overview_MMMW_2024-03-31.parquet,True,MMMW,MMM
MNKW,MNK,True,overview_404,MALLINCKRODT PUB LTD CO SHS (IRL),2013-06-30,http_404,Mallinckrodt plc,inactive,XASE,MNK|XASE,Mallinckrodt plc,inactive,XASE,MNK|XASE,2022-10-27,2023-08-28,pending,,D:\reference\overview\ticker=MNKW\overview_MNKW_2013-06-30.parquet,True,MNKW,MNK
MRKW,MRK,True,overview_404,"Merck & Co., Inc.",2021-06-02,http_404,"Merck & Co., Inc.",active,XNYS,BBG000BPD168,"Merck & Co., Inc.",active,XNYS,BBG000BPD168,2009-11-05,2026-03-09,pending,,D:\reference\overview\ticker=MRKW\overview_MRKW_2021-06-02.parquet,True,MRKW,MRK
MSGSW,MSGS,True,overview_404,Madison Square Garden Sports Corp.,2020-04-19,http_404,Madison Square Garden Sports Corp.,active,XNYS,BBG007FG0C23,Madison Square Garden Sports Corp.,active,XNYS,BBG007FG0C23,2015-09-21,2026-03-09,pending,,D:\reference\overview\ticker=MSGSW\overview_MSGSW_2020-04-19.parquet,True,MSGSW,MSGS
MVW,MV,True,overview_404,METAVANTE TECHNOLOGIES INC (WISCONSIN) W.I.,2007-11-01,http_404,METAVANTE TECHNOLOGIES INC (WISCONSIN),inactive,XNYS,MV|XNYS,METAVANTE TECHNOLOGIES INC (WISCONSIN),inactive,XNYS,MV|XNYS,2007-11-02,2009-10-01,pending,,D:\reference\overview\ticker=MVW\overview_MVW_2007-11-01.parquet,True,MVW,MV
MWA.BW,MWA,True,overview_404,MUELLER WATER PRODUCTS INCSER B COM W.I.,2006-12-14,http_404,"Mueller Water Products, Inc.",inactive,XNYS,BBG000FV4WC6,"Mueller Water Products, Inc.",inactive,XNYS,BBG000FV4WC6,2022-02-08,2022-02-08,pending,,D:\reference\overview\ticker=MWA.BW\overview_MWA.BW_2006-12-14.parquet,True,MWA.BW,MWA
NCW,NC,True,overview_404,"NACCO Industries, Inc.",2017-10-01,http_404,"NACCO Industries, Inc.",active,XNYS,BBG000BPTTM2,"NACCO Industries, Inc.",active,XNYS,BBG000BPTTM2,2005-01-01,2026-03-09,pending,,D:\reference\overview\ticker=NCW\overview_NCW_2017-10-01.parquet,True,NCW,NC
NGGW,NGG,True,overview_404,NATIONAL GRID TRANSCO PLC SPON ADR NEW,2005-08-09,http_404,NATIONAL GRID TRANSCO PLC SPON ADR NEW,inactive,XNYS,NGG|XNYS,NATIONAL GRID TRANSCO PLC SPON ADR NEW,inactive,XNYS,NGG|XNYS,2005-01-01,2016-10-24,pending,,D:\reference\overview\ticker=NGGW\overview_NGGW_2005-08-09.parquet,True,NGGW,NGG
NOMDW,NOMD,True,overview_404,NOMAD FOODS LTD ORDINARY SHARES (VIRGIN ISLANDS BRITISH),2016-01-12,http_404,Nomad Foods Limited,active,XNYS,NOMD|XNYS,Nomad Foods Limited,active,XNYS,NOMD|XNYS,2016-01-13,2026-03-09,pending,,D:\reference\overview\ticker=NOMDW\overview_NOMDW_2016-01-12.parquet,True,NOMDW,NOMD
NRGMW,NRGM,True,overview_404,INERGY MIDSTREAM LP UNIT LTD PARTNERSHIP INT(DE) W.I,2013-06-18,http_404,INERGY MIDSTREAM LP UNIT LTD PARTNERSHIP INT (DE),inactive,XNYS,NRGM|XNYS,INERGY MIDSTREAM LP UNIT LTD PARTNERSHIP INT (DE),inactive,XNYS,NRGM|XNYS,2011-12-19,2013-10-07,pending,,D:\reference\overview\ticker=NRGMW\overview_NRGMW_2013-06-18.parquet,True,NRGMW,NRGM
NRZW,NRZ,True,overview_404,NEW RESIDENTIAL INVT CORP COM W.I.,2013-05-15,http_404,NEW RESIDENTIAL INVT CORP COM,inactive,XNYS,NRZ|XNYS,NEW RESIDENTIAL INVT CORP COM,inactive,XNYS,NRZ|XNYS,2013-05-17,2014-10-20,pending,,D:\reference\overview\ticker=NRZW\overview_NRZW_2013-05-15.parquet,True,NRZW,NRZ
NVLW,NVL,True,overview_404,NOVELIS INC COM SHS W.I.,2005-01-18,http_404,NOVELIS INC COM SHS,inactive,XNYS,NVL|XNYS,NOVELIS INC COM SHS,inactive,XNYS,NVL|XNYS,2005-01-19,2007-05-15,pending,,D:\reference\overview\ticker=NVLW\overview_NVLW_2005-01-18.parquet,True,NVLW,NVL
NVTW,NVT,True,overview_404,nVent Electric plc,2018-05-01,http_404,nVent Electric plc Ordinary Shares,active,XNYS,NVT|XNYS,nVent Electric plc Ordinary Shares,active,XNYS,NVT|XNYS,2005-01-01,2026-03-09,pending,,D:\reference\overview\ticker=NVTW\overview_NVTW_2018-05-01.parquet,True,NVTW,NVT
NWAW,NWA,True,overview_404,NORTHWEST AIRLINES CORP COM STK W.I.,2007-05-30,http_404,NORTHWEST AIRLINES CORP COM STK,inactive,XNYS,NWA|XNYS,NORTHWEST AIRLINES CORP COM STK,inactive,XNYS,NWA|XNYS,2007-05-31,2008-10-30,pending,,D:\reference\overview\ticker=NWAW\overview_NWAW_2007-05-30.parquet,True,NWAW,NWA
OIBR.CW,OIBR,True,overview_404,OI S A SPONSORED ADR NEW W.I.(BRA),2014-12-29,http_404,OI S.A. SPON ADR REPSTG 3 PFD SHS (BRA),inactive,XNYS,OIBR|XNYS,OI S.A. SPON ADR REPSTG 3 PFD SHS (BRA),inactive,XNYS,OIBR|XNYS,2012-04-10,2014-12-21,pending,,D:\reference\overview\ticker=OIBR.CW\overview_OIBR.CW_2014-12-29.parquet,True,OIBR.CW,OIBR
OSGW,OSG,True,overview_404,"OVERSEAS SHIPHOLDING GROUP, INC. COM CL A W.I.",2015-12-17,http_404,"Octave Specialty Group, Inc.",active,XNYS,BBG004HQHKK0,"Octave Specialty Group, Inc.",active,XNYS,BBG004HQHKK0,2016-10-25,2026-03-09,pending,,D:\reference\overview\ticker=OSGW\overview_OSGW_2015-12-17.parquet,True,OSGW,OSG
OW,O,True,overview_404,Realty Income Corporation,2021-11-14,http_404,Realty Income Corporation,active,XNYS,BBG000DHPN63,Realty Income Corporation,active,XNYS,BBG000DHPN63,2005-01-01,2026-03-09,pending,,D:\reference\overview\ticker=OW\overview_OW_2021-11-14.parquet,True,OW,O
PCXW,PCX,True,overview_404,PATRIOT COAL CORPORATION COM STK (DE) W.I.,2007-10-31,http_404,Parsec Capital Acquisitions Corp Class A Common Stock,inactive,XNAS,BBG011QPY9D1,Parsec Capital Acquisitions Corp Class A Common Stock,inactive,XNAS,BBG011QPY9D1,2021-12-14,2022-12-18,pending,,D:\reference\overview\ticker=PCXW\overview_PCXW_2007-10-31.parquet,True,PCXW,PCX
PDSW,PDS,True,overview_404,PRECISION DRILLING TR UNIT W.I.,2005-11-15,http_404,Precision Drilling Corporation,active,XNYS,BBG000BBK2X9,Precision Drilling Corporation,active,XNYS,BBG000BBK2X9,2020-11-12,2026-03-09,pending,,D:\reference\overview\ticker=PDSW\overview_PDSW_2005-11-15.parquet,True,PDSW,PDS
PFEW,PFE,True,overview_404,Pfizer Inc,2020-11-16,http_404,Pfizer Inc.,active,XNYS,BBG000BR2B91,Pfizer Inc.,active,XNYS,BBG000BR2B91,2005-01-01,2026-03-09,pending,,D:\reference\overview\ticker=PFEW\overview_PFEW_2020-11-16.parquet,True,PFEW,PFE
PGNW,PGN,True,overview_404,PARAGON OFFSHORE PLC W.I. (GBR),2014-08-03,http_404,PARAGON OFFSHORE PLC (GBR),inactive,XNYS,PGN|XNYS,PARAGON OFFSHORE PLC (GBR),inactive,XNYS,PGN|XNYS,2005-01-01,2015-12-17,pending,,D:\reference\overview\ticker=PGNW\overview_PGNW_2014-08-03.parquet,True,PGNW,PGN
PHHW,PHH,True,overview_404,PHH CORPORATION WI,2005-01-31,http_404,"Park Ha Biological Technology Co., Ltd. Ordinary Shares",inactive,XNAS,PHH|XNAS,"Park Ha Biological Technology Co., Ltd. Ordinary Shares",inactive,XNAS,PHH|XNAS,2024-12-27,2025-10-27,pending,,D:\reference\overview\ticker=PHHW\overview_PHHW_2005-01-31.parquet,True,PHHW,PHH
PKYW,PKY,True,overview_404,PARKWAY INC COM W.I. (MD),2016-10-06,http_404,"Parkway, Inc.",inactive,XNYS,PKY|XNYS,"Parkway, Inc.",inactive,XNYS,PKY|XNYS,2005-01-01,2017-10-12,pending,,D:\reference\overview\ticker=PKYW\overview_PKYW_2016-10-06.parquet,True,PKYW,PKY
PMCW,PMC,True,overview_404,PHARMERCIA CORPORATION COM,2007-07-31,http_404,PharMerica Corporation,inactive,XNYS,PMC|XNYS,PharMerica Corporation,inactive,XNYS,PMC|XNYS,2007-08-01,2017-12-07,pending,,D:\reference\overview\ticker=PMCW\overview_PMCW_2007-07-31.parquet,True,PMCW,PMC
PNRW,PNR,True,overview_404,Pentair plc,2018-04-30,http_404,Pentair plc,active,XNYS,PNR|XNYS,Pentair plc,active,XNYS,PNR|XNYS,2005-01-01,2026-03-09,pending,,D:\reference\overview\ticker=PNRW\overview_PNRW_2018-04-30.parquet,True,PNRW,PNR
POSTW,POST,True,overview_404,"Post Holdings, Inc.",2022-03-03,http_404,"POST HOLDINGS, INC.",active,XNYS,BBG001WTBC36,"POST HOLDINGS, INC.",active,XNYS,BBG001WTBC36,2012-01-30,2026-03-09,pending,,D:\reference\overview\ticker=POSTW\overview_POSTW_2022-03-03.parquet,True,POSTW,POST
PRIS.BW,PRIS,True,overview_404,PROMOTORA DE INFORMACIONES SA  ADR REP 4 CL B CONV SHS W.I.,2010-12-02,http_404,PROMOTORA DE INFORMACIONES SA  ADR REPSTG 4 CL A SHS,inactive,XNYS,PRIS|XNYS,PROMOTORA DE INFORMACIONES SA  ADR REPSTG 4 CL A SHS,inactive,XNYS,PRIS|XNYS,2010-12-07,2014-09-22,pending,,D:\reference\overview\ticker=PRIS.BW\overview_PRIS.BW_2010-12-02.parquet,True,PRIS.BW,PRIS
PRISW,PRIS,True,overview_404,PROMOTORA DE INFORMACIONES SA  ADR REPSTG 4 CL A SHS W.I.,2010-12-02,http_404,PROMOTORA DE INFORMACIONES SA  ADR REPSTG 4 CL A SHS,inactive,XNYS,PRIS|XNYS,PROMOTORA DE INFORMACIONES SA  ADR REPSTG 4 CL A SHS,inactive,XNYS,PRIS|XNYS,2010-12-07,2014-09-22,pending,,D:\reference\overview\ticker=PRISW\overview_PRISW_2010-12-02.parquet,True,PRISW,PRIS
PRSPW,PRSP,True,overview_404,Perspecta Inc.,2018-05-31,http_404,Perspecta Inc. Common Stock,inactive,XNYS,BBG00KMXKWF9,Perspecta Inc. Common Stock,inactive,XNYS,BBG00KMXKWF9,2019-09-24,2019-09-24,pending,,D:\reference\overview\ticker=PRSPW\overview_PRSPW_2018-05-31.parquet,True,PRSPW,PRSP
QCPW,QCP,True,overview_404,"Quality Care Properties, Inc.",2016-10-31,http_404,"Quality Care Properties, Inc.",inactive,XNYS,QCP|XNYS,"Quality Care Properties, Inc.",inactive,XNYS,QCP|XNYS,2016-11-01,2018-07-26,pending,,D:\reference\overview\ticker=QCPW\overview_QCPW_2016-10-31.parquet,True,QCPW,QCP
RACEW,RACE,True,overview_404,FERRARI N V NEW COM SHS (NLD)WI,2016-01-08,http_404,Ferrari N.V.,active,XNYS,RACE|XNYS,Ferrari N.V.,active,XNYS,RACE|XNYS,2015-10-23,2026-03-09,pending,,D:\reference\overview\ticker=RACEW\overview_RACEW_2016-01-08.parquet,True,RACEW,RACE
RBSW,RBS,True,overview_404,ROYAL BK SCOTLAND GROUP PLC SPONSORED ADR REP SHS (UK) W.I.,2007-10-17,http_404,ROYAL BK SCOTLAND GROUP PLC ADR REPTSTG 2 ORD SHS (UK),inactive,XNYS,BBG00K6QRSX4,ROYAL BK SCOTLAND GROUP PLC ADR REPTSTG 2 ORD SHS (UK),inactive,XNYS,BBG00K6QRSX4,2008-11-10,2016-10-24,pending,,D:\reference\overview\ticker=RBSW\overview_RBSW_2007-10-17.parquet,True,RBSW,RBS
RESIW,RESI,True,overview_404,ALTISOURCE RESIDENTIONAL CORP CLASS B COM STK (MD) W.I.,2012-12-23,http_404,Front Yard Residential Corporation Common Stock,inactive,XNYS,BBG00K56RHY2,Front Yard Residential Corporation Common Stock,inactive,XNYS,BBG00K56RHY2,2018-02-21,2021-01-11,pending,,D:\reference\overview\ticker=RESIW\overview_RESIW_2012-12-23.parquet,True,RESIW,RESI
RGA.BW,RGA,True,overview_404,REINSURANCE GROUP OF AMERICA INC (NEW) CLASS B W.I.,2008-09-18,http_404,"Reinsurance Group of America, Incorporated",active,XNYS,BBG000BDLCQ0,"Reinsurance Group of America, Incorporated",active,XNYS,BBG000BDLCQ0,2008-12-01,2026-03-09,pending,,D:\reference\overview\ticker=RGA.BW\overview_RGA.BW_2008-09-18.parquet,True,RGA.BW,RGA
RSEW,RSE,True,overview_404,ROUSE PPTYS INC COM (DE) W.I,2012-01-12,http_404,ROUSE PPTYS INC COM (DE),inactive,XNYS,RSE|XNYS,ROUSE PPTYS INC COM (DE),inactive,XNYS,RSE|XNYS,2012-01-17,2016-07-06,pending,,D:\reference\overview\ticker=RSEW\overview_RSEW_2012-01-12.parquet,True,RSEW,RSE
RXNW,RXN,True,overview_404,Rexnord Corporation,2021-10-04,http_404,REXNORD CORPORATION,inactive,XNYS,BBG00JPYY5D3,REXNORD CORPORATION,inactive,XNYS,BBG00JPYY5D3,2012-03-30,2021-10-04,pending,,D:\reference\overview\ticker=RXNW\overview_RXNW_2021-10-04.parquet,True,RXNW,RXN
SAFEW,SAFE,True,overview_404,Safehold Inc.,2023-03-29,http_404,Safehold Inc.,active,XNYS,BBG000H35J52,Safehold Inc.,active,XNYS,BBG000H35J52,2005-01-01,2026-03-09,pending,,D:\reference\overview\ticker=SAFEW\overview_SAFEW_2023-03-29.parquet,True,SAFEW,SAFE
SBGLW,SBGL,True,overview_404,SIBANYE GOLD LTD SPONSORED ADR W.I.(ZAF),2013-02-20,http_404,SIBANYE GOLD LTD SPONSORED ADR (ZAF),inactive,XNYS,SBGL|XNYS,SIBANYE GOLD LTD SPONSORED ADR (ZAF),inactive,XNYS,SBGL|XNYS,2013-02-22,2016-10-24,pending,,D:\reference\overview\ticker=SBGLW\overview_SBGLW_2013-02-20.parquet,True,SBGLW,SBGL
SEMW,SEM,True,overview_404,Select Medical Holdings Corporation,2024-11-25,http_404,SELECT MEDICAL HOLDINGS CORP,active,XNYS,BBG000QCHMH9,SELECT MEDICAL HOLDINGS CORP,active,XNYS,BBG000QCHMH9,2009-09-28,2026-03-09,pending,,D:\reference\overview\ticker=SEMW\overview_SEMW_2024-11-25.parquet,True,SEMW,SEM
SERVW,SERV,True,overview_404,ServiceMaster Global Holdings,2018-09-30,http_404,"ServiceMaster Global Holdings, Inc.",inactive,XNYS,BBG00JVYGL69,"ServiceMaster Global Holdings, Inc.",inactive,XNYS,BBG00JVYGL69,2014-06-30,2020-10-04,pending,,D:\reference\overview\ticker=SERVW\overview_SERVW_2018-09-30.parquet,True,SERVW,SERV
SEW,SE,True,overview_404,SPECTRA ENERGY CORP COM W.I.,2007-01-02,http_404,Spectra Energy Corp Wi,inactive,XNYS,SE|XNYS,Spectra Energy Corp Wi,inactive,XNYS,SE|XNYS,2005-01-01,2017-02-27,pending,,D:\reference\overview\ticker=SEW\overview_SEW_2007-01-02.parquet,True,SEW,SE
SITCW,SITC,True,overview_404,SITE Centers Corp.,2024-09-30,http_404,SITE Centers Corp. Common Shares,active,XNYS,BBG000BGZ832,SITE Centers Corp. Common Shares,active,XNYS,BBG000BGZ832,2018-10-12,2026-03-09,pending,,D:\reference\overview\ticker=SITCW\overview_SITCW_2024-09-30.parquet,True,SITCW,SITC
SMTAW,SMTA,True,overview_404,Spirit MTA REIT,2018-05-31,http_404,Spirit MTA REIT Common Shares of Beneficial Interest,inactive,XNYS,SMTA|XNYS,Spirit MTA REIT Common Shares of Beneficial Interest,inactive,XNYS,SMTA|XNYS,2018-06-01,2020-01-01,pending,,D:\reference\overview\ticker=SMTAW\overview_SMTAW_2018-05-31.parquet,True,SMTAW,SMTA
SNIW,SNI,True,overview_404,SCRIPPS NETWORKS INTERACTIVE INC CL A COM STK (OH) W.I.,2008-06-30,http_404,"Scripps Networks Interactive, Inc Common Class A",inactive,XNAS,SNI|XNAS,"Scripps Networks Interactive, Inc Common Class A",inactive,XNAS,SNI|XNAS,2016-03-15,2018-03-06,pending,,D:\reference\overview\ticker=SNIW\overview_SNIW_2008-06-30.parquet,True,SNIW,SNI
SNXW,SNX,True,overview_404,SYNNEX Corporation,2020-11-30,http_404,TD SYNNEX Corporation,inactive,XNYS,BBG000C1CTH8,TD SYNNEX Corporation,inactive,XNYS,BBG000C1CTH8,2022-02-08,2022-02-08,pending,,D:\reference\overview\ticker=SNXW\overview_SNXW_2020-11-30.parquet,True,SNXW,SNX
SOAW,SOA,True,overview_404,SOLUTIA INC COMMON NEW W.I.,2008-03-02,http_404,SOLUTIA INC COMMON NEW,inactive,XNYS,SOA|XNYS,SOLUTIA INC COMMON NEW,inactive,XNYS,SOA|XNYS,2008-03-03,2012-07-02,pending,,D:\reference\overview\ticker=SOAW\overview_SOAW_2008-03-02.parquet,True,SOAW,SOA
SPHRW,SPHR,True,overview_404,Sphere Entertainment Co.,2023-04-19,http_404,Sphere Entertainment Co.,active,XNYS,BBG00L9HLWV8,Sphere Entertainment Co.,active,XNYS,BBG00L9HLWV8,2020-04-09,2026-03-09,pending,,D:\reference\overview\ticker=SPHRW\overview_SPHRW_2023-04-19.parquet,True,SPHRW,SPHR
SPIW,SPI,True,overview_404,SCOTTISH PWR PLC ADS (EA REPTG 4 ORD SH) NEW W.I.,2006-05-23,http_404,"SPI Energy Co., Ltd. Ordinary Shares",inactive,XNAS,SPI|XNAS,"SPI Energy Co., Ltd. Ordinary Shares",inactive,XNAS,SPI|XNAS,2017-09-19,2025-01-14,pending,,D:\reference\overview\ticker=SPIW\overview_SPIW_2006-05-23.parquet,True,SPIW,SPI
SRCW,SRC,True,overview_404,"Spirit Realty Capital, Inc.",2018-05-31,http_404,"SPIRIT REALTY CAPITAL, INC.",inactive,XNYS,BBG0027Z6X10,"SPIRIT REALTY CAPITAL, INC.",inactive,XNYS,BBG0027Z6X10,2018-12-13,2024-01-22,pending,,D:\reference\overview\ticker=SRCW\overview_SRCW_2018-05-31.parquet,True,SRCW,SRC
STRPW,STRP,True,overview_404,STRAIGHT PATH COMMUNICATIONS INC CL B COM STK W.I.,2013-07-31,http_404,Straight Path Communications Inc.,inactive,XASE,STRP|XASE,Straight Path Communications Inc.,inactive,XASE,STRP|XASE,2013-08-02,2018-02-28,pending,,D:\reference\overview\ticker=STRPW\overview_STRPW_2013-07-31.parquet,True,STRPW,STRP
SWAYW,SWAY,True,overview_404,STARWOOD WAYPOINT RESIDENTIAL COM SHS W.I.,2014-02-02,http_404,STARWOOD WAYPOINT RESIDENTIAL COM SHS,inactive,XNYS,SWAY|XNYS,STARWOOD WAYPOINT RESIDENTIAL COM SHS,inactive,XNYS,SWAY|XNYS,2014-02-04,2016-01-05,pending,,D:\reference\overview\ticker=SWAYW\overview_SWAYW_2014-02-02.parquet,True,SWAYW,SWAY
SWIW,SWI,True,overview_404,SolarWinds Corporation,2021-07-19,http_404,SolarWinds Corporation Common Stock,inactive,XNYS,BBG00M1CKSK7,SolarWinds Corporation Common Stock,inactive,XNYS,BBG00M1CKSK7,2021-08-02,2025-04-15,pending,,D:\reference\overview\ticker=SWIW\overview_SWIW_2021-07-19.parquet,True,SWIW,SWI
TCOPJ,,False,overview_404,"TAUBMAN CENTERS, INC PFD SHS SER J (MI)",2012-08-19,http_404,,,,,,,,,,,pending,,D:\reference\overview\ticker=TCOPJ\overview_TCOPJ_2012-08-19.parquet,False,TCOPJ,
TELW,TEL,True,overview_404,TYCO ELCECTRONICS LTD WI,2007-07-01,http_404,TE Connectivity plc,active,XNYS,TEL|XNYS,TE Connectivity plc,active,XNYS,TEL|XNYS,2007-07-02,2026-03-09,pending,,D:\reference\overview\ticker=TELW\overview_TELW_2007-07-01.parquet,True,TELW,TEL
TEUPC,,False,overview_404,BOX SHIPS INCORPORATED CUMV REDEEMABLE PERP PFD 9% SER C,2013-08-28,http_404,,,,,,,,,,,pending,,D:\reference\overview\ticker=TEUPC\overview_TEUPC_2013-08-28.parquet,False,TEUPC,
TGNAW,TGNA,True,overview_404,TEGNA Inc.,2017-05-31,http_404,TEGNA Inc.,active,XNYS,BBG000BK5DP1,TEGNA Inc.,active,XNYS,BBG000BK5DP1,2015-06-30,2026-03-09,pending,,D:\reference\overview\ticker=TGNAW\overview_TGNAW_2017-05-31.parquet,True,TGNAW,TGNA
TLNW,TLN,True,overview_404,TALEN ENERGY CORP W.I. (DE),2015-06-01,http_404,Talen Energy Corporation Common Stock,active,XNAS,BBG01GWQVVD3,Talen Energy Corporation Common Stock,active,XNAS,BBG01GWQVVD3,2024-07-10,2026-03-09,pending,,D:\reference\overview\ticker=TLNW\overview_TLNW_2015-06-01.parquet,True,TLNW,TLN
TPUBW,TPUB,True,overview_404,TRIBUNE PUBG CO COM STK W.I. (DE),2014-08-04,http_404,TRIBUNE PUBG CO COM STK (DE),inactive,XNYS,TPUB|XNYS,TRIBUNE PUBG CO COM STK (DE),inactive,XNYS,TPUB|XNYS,2014-08-06,2016-06-19,pending,,D:\reference\overview\ticker=TPUBW\overview_TPUBW_2014-08-04.parquet,True,TPUBW,TPUB
TRNW,TRN,True,overview_404,"Trinity Industries, Inc.",2018-10-31,http_404,"Trinity Industries, Inc.",active,XNYS,BBG000BVL2G3,"Trinity Industries, Inc.",active,XNYS,BBG000BVL2G3,2005-01-01,2026-03-09,pending,,D:\reference\overview\ticker=TRNW\overview_TRNW_2018-10-31.parquet,True,TRNW,TRN
TRX.BW,TRX,True,overview_404,TRONOX INCORPORATED CL B COM W.I.,2006-03-30,http_404,TRX Gold Corporation,active,XASE,BBG000BTZ1B0,TRX Gold Corporation,active,XASE,BBG000BTZ1B0,2019-04-22,2026-03-09,pending,,D:\reference\overview\ticker=TRX.BW\overview_TRX.BW_2006-03-30.parquet,True,TRX.BW,TRX
TSOW,TSO,True,overview_404,Tesoro Corporation,2017-06-05,http_404,Tesoro Corp,inactive,XNYS,TSO|XNYS,Tesoro Corp,inactive,XNYS,TSO|XNYS,2005-01-01,2017-07-31,pending,,D:\reference\overview\ticker=TSOW\overview_TSOW_2017-06-05.parquet,True,TSOW,TSO
UBSW,UBS,True,overview_404,UBS GROUP AG ORD SHS (CHE) W.I.,2014-11-28,http_404,UBS Group AG,active,XNYS,UBS|XNYS,UBS Group AG,active,XNYS,UBS|XNYS,2005-01-01,2026-03-09,pending,,D:\reference\overview\ticker=UBSW\overview_UBSW_2014-11-28.parquet,True,UBSW,UBS
UTXW,UTX,True,overview_404,United Technologies Corporation,2020-04-02,http_404,United Technologies Corporation,inactive,XNYS,BBG000LZL665,United Technologies Corporation,inactive,XNYS,BBG000LZL665,2005-01-01,2020-04-02,pending,,D:\reference\overview\ticker=UTXW\overview_UTXW_2020-04-02.parquet,True,UTXW,UTX
VALEW,VALE,True,overview_404,Vale S.A.,2017-12-01,http_404,COMPANHIA VALE DO RIO DOCE ADS (REPSTG 1 COM SH),inactive,XNYS,VALE|XNYS,COMPANHIA VALE DO RIO DOCE ADS (REPSTG 1 COM SH),inactive,XNYS,VALE|XNYS,2009-05-05,2009-05-28,pending,,D:\reference\overview\ticker=VALEW\overview_VALEW_2017-12-01.parquet,True,VALEW,VALE
VARW,VAR,True,overview_404,"Varian Medical Systems, Inc.",2017-01-29,http_404,"Varian Medical Systems, Inc.",inactive,XNYS,BBG008B8PCS8,"Varian Medical Systems, Inc.",inactive,XNYS,BBG008B8PCS8,2005-01-01,2021-04-15,pending,,D:\reference\overview\ticker=VARW\overview_VARW_2017-01-29.parquet,True,VARW,VAR
VFCW,VFC,True,overview_404,VF Corporation,2019-05-22,http_404,V.F. Corporation,active,XNYS,BBG000BWCKB6,V.F. Corporation,active,XNYS,BBG000BWCKB6,2005-01-01,2026-03-09,pending,,D:\reference\overview\ticker=VFCW\overview_VFCW_2019-05-22.parquet,True,VFCW,VFC
VGRW,VGR,True,overview_404,Vector Group Ltd.,2021-12-29,http_404,Vector Group Ltd.,inactive,XNYS,BBG000CXKKZ8,Vector Group Ltd.,inactive,XNYS,BBG000CXKKZ8,2005-01-01,2024-10-06,pending,,D:\reference\overview\ticker=VGRW\overview_VGRW_2021-12-29.parquet,True,VGRW,VGR
VIPW,VIP,True,overview_404,VIMPELCOM LTD   SPONSORED ADR W.I.,2010-04-21,http_404,VIMPELCOM LTD   SPONSORED ADR,inactive,XNAS,VIP|XNAS,VIMPELCOM LTD   SPONSORED ADR,inactive,XNAS,VIP|XNAS,2013-10-22,2016-10-24,pending,,D:\reference\overview\ticker=VIPW\overview_VIPW_2010-04-21.parquet,True,VIPW,VIP
VLOW,VLO,True,overview_404,VALERO ENERGY CORP NEW EX-DIST W.I.,2013-05-01,http_404,Valero Energy Corporation,active,XNYS,BBG000BBGGQ1,Valero Energy Corporation,active,XNYS,BBG000BBGGQ1,2005-01-01,2026-03-09,pending,,D:\reference\overview\ticker=VLOW\overview_VLOW_2013-05-01.parquet,True,VLOW,VLO
VNEW,VNE,True,overview_404,"Veoneer, Inc.",2018-07-01,http_404,"Veoneer, Inc.",inactive,XNYS,BBG00K4MPP27,"Veoneer, Inc.",inactive,XNYS,BBG00K4MPP27,2022-02-08,2022-03-03,pending,,D:\reference\overview\ticker=VNEW\overview_VNEW_2018-07-01.parquet,True,VNEW,VNE
VNOW,VNO,True,overview_404,Vornado Realty Trust,2017-07-17,http_404,Vornado Realty Trust,active,XNYS,BBG000BWHD54,Vornado Realty Trust,active,XNYS,BBG000BWHD54,2005-01-01,2026-03-09,pending,,D:\reference\overview\ticker=VNOW\overview_VNOW_2017-07-17.parquet,True,VNOW,VNO
VYXW,VYX,True,overview_404,NCR Voyix Corporation,2023-10-16,http_404,NCR Voyix Corporation,active,XNYS,BBG000BMXK89,NCR Voyix Corporation,active,XNYS,BBG000BMXK89,2005-01-01,2026-03-09,pending,,D:\reference\overview\ticker=VYXW\overview_VYXW_2023-10-16.parquet,True,VYXW,VYX
WACW,WAC,True,overview_404,WALTER INVESTMENT MANAGEMENT CORP W.I.,2009-04-19,http_404,WALTER INVESTMENT MANAGEMENT CORP,inactive,XASE,WAC|XASE,WALTER INVESTMENT MANAGEMENT CORP,inactive,XASE,WAC|XASE,2009-04-21,2013-01-22,pending,,D:\reference\overview\ticker=WACW\overview_WACW_2009-04-19.parquet,True,WACW,WAC
WNRW,WNR,True,overview_404,"WESTERN REFINING, INC. COM W.I.",2016-06-27,http_404,Western Refining Inc,inactive,XNYS,WNR|XNYS,Western Refining Inc,inactive,XNYS,WNR|XNYS,2006-01-19,2017-06-01,pending,,D:\reference\overview\ticker=WNRW\overview_WNRW_2016-06-27.parquet,True,WNRW,WNR
WORW,WOR,True,overview_404,"Worthington Enterprises, Inc.",2023-11-30,http_404,"WORTHINGTON INDUSTRIES, INC. COMMON SHARES",inactive,XNYS,BBG000D2D3Z1,"WORTHINGTON INDUSTRIES, INC. COMMON SHARES",inactive,XNYS,BBG000D2D3Z1,2022-02-08,2022-02-08,pending,,D:\reference\overview\ticker=WORW\overview_WORW_2023-11-30.parquet,True,WORW,WOR
WPCW,WPC,True,overview_404,W. P. Carey Inc.,2023-11-01,http_404,W.P. Carey Inc. (REIT),active,XNYS,BBG000BCQM58,W.P. Carey Inc. (REIT),active,XNYS,BBG000BCQM58,2012-10-02,2026-03-09,pending,,D:\reference\overview\ticker=WPCW\overview_WPCW_2023-11-01.parquet,True,WPCW,WPC
WPGW,WPG,True,overview_404,WASHINGTON PRIME GROUP INC COM SHS W.I.,2014-05-28,http_404,Washington Prime Group Inc.,inactive,XNYS,BBG00DR7SFV8,Washington Prime Group Inc.,inactive,XNYS,BBG00DR7SFV8,2016-09-01,2021-09-29,pending,,D:\reference\overview\ticker=WPGW\overview_WPGW_2014-05-28.parquet,True,WPGW,WPG
WWAV.BW,WWAV,True,overview_404,THE WHITEWAVE FOODS COMPANY CLASS B COM STK  W.I.,2013-05-23,http_404,The WhiteWave Foods Company,inactive,XNYS,WWAV|XNYS,The WhiteWave Foods Company,inactive,XNYS,WWAV|XNYS,2012-10-31,2017-04-12,pending,,D:\reference\overview\ticker=WWAV.BW\overview_WWAV.BW_2013-05-23.parquet,True,WWAV.BW,WWAV
WWAVW,WWAV,True,overview_404,WHITEWAVE FOODS CO COM CL A (DE) W.I.,2013-05-23,http_404,The WhiteWave Foods Company,inactive,XNYS,WWAV|XNYS,The WhiteWave Foods Company,inactive,XNYS,WWAV|XNYS,2012-10-31,2017-04-12,pending,,D:\reference\overview\ticker=WWAVW\overview_WWAVW_2013-05-23.parquet,True,WWAVW,WWAV
WYNDW,WYND,True,overview_404,"Wyndham Destinations, Inc.",2018-05-31,http_404,"Wyndham Destinations, Inc. Common Stock",inactive,XNYS,BBG008B8PJM9,"Wyndham Destinations, Inc. Common Stock",inactive,XNYS,BBG008B8PJM9,2006-07-19,2021-02-16,pending,,D:\reference\overview\ticker=WYNDW\overview_WYNDW_2018-05-31.parquet,True,WYNDW,WYND
XLSW,XLS,True,overview_404,EXELIS INC COM STK W.I.,2011-10-31,http_404,EXELIS INC COM STK,inactive,XNYS,XLS|XNYS,EXELIS INC COM STK,inactive,XNYS,XLS|XNYS,2011-11-02,2015-05-31,pending,,D:\reference\overview\ticker=XLSW\overview_XLSW_2011-10-31.parquet,True,XLSW,XLS
XPOW,XPO,True,overview_404,XPO Logistics Inc.,2022-10-30,http_404,"XPO, Inc.",active,XNYS,BBG000L5CJF3,"XPO, Inc.",active,XNYS,BBG000L5CJF3,2011-09-06,2026-03-09,pending,,D:\reference\overview\ticker=XPOW\overview_XPOW_2022-10-30.parquet,True,XPOW,XPO
XRXW,XRX,True,overview_404,Xerox Corporation Common Stock,2017-01-03,http_404,Xerox Corp,inactive,XNYS,BBG007GJG347,Xerox Corp,inactive,XNYS,BBG007GJG347,2017-06-15,2019-07-31,pending,,D:\reference\overview\ticker=XRXW\overview_XRXW_2017-01-03.parquet,True,XRXW,XRX
YUMW,YUM,True,overview_404,"Yum! Brands, Inc.",2016-10-31,http_404,"Yum! Brands, Inc.",active,XNYS,BBG000BH3GZ2,"Yum! Brands, Inc.",active,XNYS,BBG000BH3GZ2,2005-01-01,2026-03-09,pending,,D:\reference\overview\ticker=YUMW\overview_YUMW_2016-10-31.parquet,True,YUMW,YUM
ZBHW,ZBH,True,overview_404,"Zimmer Biomet Holdings, Inc.",2022-02-28,http_404,"Zimmer Biomet Holdings, Inc.",inactive,XNYS,BBG000BJN4H3,"Zimmer Biomet Holdings, Inc.",inactive,XNYS,BBG000BJN4H3,2022-02-08,2022-02-08,pending,,D:\reference\overview\ticker=ZBHW\overview_ZBHW_2022-02-28.parquet,True,ZBHW,ZBH
ZEPW,ZEP,True,overview_404,ZEP INC COM STK (DE) W.I.,2007-10-31,http_404,ZEP INC COM STK (DE),inactive,XNYS,ZEP|XNYS,ZEP INC COM STK (DE),inactive,XNYS,ZEP|XNYS,2007-11-01,2015-06-28,pending,,D:\reference\overview\ticker=ZEPW\overview_ZEPW_2007-10-31.parquet,True,ZEPW,ZEP
