ticker,name,market,locale,primary_exchange,type,active,currency_name,cik,composite_figi,share_class_figi,list_date,delisted_utc,last_updated_utc,snapshot_date,entity_id,exchange_priority,has_composite_figi,has_share_class_figi,has_list_date,cut_frequency,first_seen_date,last_seen_date,latest_active,status_confidence,status
A,Agilent Technologies Inc.,stocks,us,XNYS,CS,True,usd,0001090872,BBG000BWQYZ5,BBG001SCTQY4,,,2024-12-03T22:23:59.247885Z,2022-02-08,BBG000BWQYZ5,1,1,1,0,daily,2022-02-08,2022-02-08,True,high,inactive
AA,"Alcoa, Inc.",stocks,us,XNYS,CS,True,usd,0000004281,,,,,2025-01-15T15:39:59.814074Z,2016-10-31,AA|XNYS,1,0,0,0,daily,2005-01-01,2016-10-31,True,high,inactive
AAPL,Apple Inc.,stocks,us,XNAS,CS,True,usd,0000320193,BBG000B9XRY4,BBG001S5N8V8,,,2026-03-06T07:08:17.586403408Z,2026-03-09,BBG000B9XRY4,0,1,1,0,daily,2016-10-25,2026-03-09,True,high,active
ABT,Abbott Laboratories,stocks,us,XNYS,CS,True,usd,0000001800,BBG000B9ZXB4,BBG001S5N9M6,,,2026-03-06T07:08:17.58642552Z,2026-03-09,BBG000B9ZXB4,1,1,1,0,daily,2005-01-01,2026-03-09,True,high,active
ACN,Accenture PLC,stocks,us,XNYS,CS,True,usd,0001467373,,,,,2026-03-06T07:08:17.586436311Z,2026-03-09,ACN|XNYS,1,0,0,0,daily,2005-01-01,2026-03-09,True,high,active
ADBE,Adobe Inc.,stocks,us,XNAS,CS,True,usd,0000796343,BBG000BB5006,BBG001S5NCQ5,,,2026-03-06T07:08:17.586445979Z,2026-03-09,BBG000BB5006,0,1,1,0,daily,2016-10-25,2026-03-09,True,high,active
ADI,"Analog Devices, Inc.",stocks,us,XNAS,CS,True,usd,0000006281,BBG000BB6G37,BBG001S5ND38,,,2026-03-06T07:08:17.586447181Z,2026-03-09,BBG000BB6G37,0,1,1,0,daily,2005-01-01,2026-03-09,True,high,active
ADM,Archer Daniels Midland Company,stocks,us,XNYS,CS,True,usd,0000007084,BBG000BB6WG8,BBG001S5ND74,,,2026-03-06T07:08:17.586447783Z,2026-03-09,BBG000BB6WG8,1,1,1,0,daily,2005-01-01,2026-03-09,True,high,active
ADP,Automatic Data Processing,stocks,us,XNAS,CS,True,usd,0000008670,BBG000GZ3B88,BBG001S82KF6,,,2024-12-03T22:23:59.247385Z,2022-02-08,BBG000GZ3B88,0,1,1,0,daily,2022-02-08,2022-02-08,True,high,inactive
ADSK,Autodesk Inc,stocks,us,XNAS,CS,True,usd,0000769397,BBG000BM7HL0,BBG001S5SCD4,,,2026-03-06T07:08:17.586449676Z,2026-03-09,BBG000BM7HL0,0,1,1,0,daily,2016-10-25,2026-03-09,True,high,active
AEE,Ameren Corporation,stocks,us,XNYS,CS,True,usd,0001002910,BBG000B9X8C0,BBG001S5NF24,,,2026-03-06T07:08:17.586452652Z,2026-03-09,BBG000B9X8C0,1,1,1,0,daily,2005-01-01,2026-03-09,True,high,active
AEM,Agnico Eagle Mines Ltd.,stocks,us,XNYS,CS,True,usd,0000002809,BBG000CZ8PQ6,BBG001S77MK3,,,2024-12-03T22:23:59.246698Z,2022-02-08,BBG000CZ8PQ6,1,1,1,0,daily,2022-02-08,2022-02-08,True,high,inactive
AEP,"American Electric Power Company, Inc.",stocks,us,XNAS,CS,True,usd,0000004904,BBG000BB9KF2,BBG001S5NFD2,,,2026-03-06T07:08:17.586455106Z,2026-03-09,BBG000BB9KF2,0,1,1,0,daily,2005-01-01,2026-03-09,True,high,active
AES,AES Corporation,stocks,us,XNYS,CS,True,usd,0000874761,BBG000C23KJ3,BBG001S6B1L5,,,2026-03-06T07:08:17.586455828Z,2026-03-09,BBG000C23KJ3,1,1,1,0,daily,2005-01-01,2026-03-09,True,high,active
AFL,Aflac Inc.,stocks,us,XNYS,CS,True,usd,0000004977,BBG000BBBNC6,BBG001S5NGJ4,,,2026-03-06T07:08:17.586459214Z,2026-03-09,BBG000BBBNC6,1,1,1,0,daily,2005-01-01,2026-03-09,True,high,active
AG,FIRST MAJESTIC SILVER CORP,stocks,us,XNYS,CS,True,usd,0001308648,BBG000CH7LR5,BBG001SGV444,,,2024-12-03T22:23:59.248043Z,2022-02-08,BBG000CH7LR5,1,1,1,0,daily,2022-02-08,2022-02-08,True,high,inactive
AIG,AMERICAN INTL GROUP INC,stocks,us,XNYS,CS,True,usd,0000005272,,,,,2025-01-16T17:37:18.280225Z,2009-07-01,AIG|XNYS,1,0,0,0,daily,2005-01-01,2009-07-01,True,high,inactive
AKAM,Akamai Technologies Inc,stocks,us,XNAS,CS,True,usd,0001086222,BBG000BJQWD2,BBG001S7YHX0,,,2026-03-06T07:08:17.586486396Z,2026-03-09,BBG000BJQWD2,0,1,1,0,daily,2016-10-25,2026-03-09,True,high,active
ALL,The Allstate Corporation,stocks,us,XNYS,CS,True,usd,0000899051,BBG000BLZ8J4,BBG001S9BM06,,,2024-12-03T22:23:59.248043Z,2022-02-08,BBG000BLZ8J4,1,1,1,0,daily,2022-02-08,2022-02-08,True,high,inactive
AMAT,Applied Materials Inc,stocks,us,XNAS,CS,True,usd,0000006951,BBG000BBPFB9,BBG001S5NMM7,,,2026-03-06T07:08:17.586505002Z,2026-03-09,BBG000BBPFB9,0,1,1,0,daily,2016-10-25,2026-03-09,True,high,active
AMD,Advanced Micro Devices,stocks,us,XNAS,CS,True,usd,0000002488,BBG000BBQCY0,BBG001S5NN36,,,2026-03-06T07:08:17.586506945Z,2026-03-09,BBG000BBQCY0,0,1,1,0,daily,2005-01-01,2026-03-09,True,high,active
AMGN,Amgen Inc,stocks,us,XNAS,CS,True,usd,0000318154,BBG000BBS2Y0,BBG001S5NNL6,,,2026-03-06T07:08:17.586508378Z,2026-03-09,BBG000BBS2Y0,0,1,1,0,daily,2016-10-25,2026-03-09,True,high,active
AMT,AMERICAN TOWER CORP,stocks,us,XNYS,CS,True,usd,0001053507,,,,,2025-01-15T22:47:29.346753Z,2012-01-03,AMT|XNYS,1,0,0,0,daily,2005-01-01,2012-01-03,True,high,inactive
AMX,"AMERICA MOVIL, S.A.B. DE C.V. ADS REPTGS 20 SR L SHS",stocks,us,XNYS,CS,True,usd,0001129137,BBG000CYPVX9,BBG001SGW6H4,,,2025-01-15T16:53:40.662357Z,2016-10-24,BBG000CYPVX9,1,1,1,0,daily,2005-01-01,2016-10-24,True,high,inactive
AMZN,Amazon.Com Inc,stocks,us,XNAS,CS,True,usd,0001018724,BBG000BB0MN8,BBG001S5PQL7,,,2024-12-03T22:23:59.247117Z,2022-02-08,BBG000BB0MN8,0,1,1,0,daily,2022-02-08,2022-02-08,True,high,inactive
ANF,Abercrombie & Fitch Co.,stocks,us,XNYS,CS,True,usd,0001018840,BBG000H9G7X2,BBG001S97027,,,2026-03-06T07:08:17.586520722Z,2026-03-09,BBG000H9G7X2,1,1,1,0,daily,2005-01-01,2026-03-09,True,high,active
APA,Apache Corporation,stocks,us,XNYS,CS,True,usd,0000006769,BBG000BC2C10,BBG001S5NS17,,,2025-07-16T20:56:23.00011483Z,2019-09-24,BBG000BC2C10,1,1,1,0,daily,2016-05-18,2019-09-24,True,high,inactive
ATI,Allegheny Technologies,stocks,us,XNYS,CS,True,usd,0001018963,BBG000GLTDX9,BBG001S8WY72,,,2024-12-03T22:23:59.248486Z,2022-02-08,BBG000GLTDX9,1,1,1,0,daily,2022-02-08,2022-02-08,True,high,inactive
AU,AngloGold Ashanti plc,stocks,us,XNYS,CS,True,usd,0001973832,,,,,2026-03-06T07:08:17.586571989Z,2026-03-09,AU|XNYS,1,0,0,0,daily,2016-05-18,2026-03-09,True,high,active
AXP,American Express Company,stocks,us,XNYS,CS,True,usd,0000004962,BBG000BCQZS4,BBG001S5P034,,,2026-03-06T07:08:17.586583632Z,2026-03-09,BBG000BCQZS4,1,1,1,0,daily,2005-01-01,2026-03-09,True,high,active
AZN,AstraZeneca PLC,stocks,us,XNYS,CS,True,usd,0000901832,,,,,2026-03-06T07:08:17.586585235Z,2026-03-09,AZN|XNYS,1,0,0,0,daily,2026-02-02,2026-03-09,True,high,active
BA,Boeing Company,stocks,us,XNYS,CS,True,usd,0000012927,BBG000BCSST7,BBG001S5P0V3,,,2026-03-06T07:08:17.586586106Z,2026-03-09,BBG000BCSST7,1,1,1,0,daily,2005-01-01,2026-03-09,True,high,active
BAC,Bank of America Corporation,stocks,us,XNYS,CS,True,usd,0000070858,BBG000BCTLF6,BBG001S5P0Y0,,,2026-03-06T07:08:17.586586818Z,2026-03-09,BBG000BCTLF6,1,1,1,0,daily,2005-01-01,2026-03-09,True,high,active
BAX,Baxter International Inc.,stocks,us,XNYS,CS,True,usd,0000010456,BBG000BCVJ77,BBG001S5P1K3,,,2026-03-06T07:08:17.586595735Z,2026-03-09,BBG000BCVJ77,1,1,1,0,daily,2005-01-01,2026-03-09,True,high,active
BBD,BANCO BRADESCO ADS REP ONE PFD SH,stocks,us,XNYS,CS,True,usd,0001160330,BBG000BS6WW3,BBG001SF7657,,,2025-01-15T16:53:40.662058Z,2016-10-24,BBG000BS6WW3,1,1,1,0,daily,2005-01-01,2016-10-24,True,high,inactive
BBY,"Best Buy Company, Inc.",stocks,us,XNYS,CS,True,usd,0000764478,BBG000BCWCG1,BBG001S5P285,,,2026-03-06T07:08:17.586604251Z,2026-03-09,BBG000BCWCG1,1,1,1,0,daily,2005-01-01,2026-03-09,True,high,active
BCR,CR Bard Inc.,stocks,us,XNYS,CS,True,usd,0000275110,BBG00JVYHK60,BBG001S5P2S3,,,2024-12-03T20:51:40.108464Z,2018-01-01,BBG00JVYHK60,1,1,1,0,daily,2005-01-01,2018-01-01,True,high,inactive
BCRX,BioCryst Pharmaceuticals Inc,stocks,us,XNAS,CS,True,usd,0000882796,BBG000BLYWX6,BBG001S7K151,,,2026-03-06T07:08:17.586609721Z,2026-03-09,BBG000BLYWX6,0,1,1,0,daily,2016-10-25,2026-03-09,True,high,active
BCS,BARCLAYS PLC ADS =4 ORDINARY U,stocks,us,XNYS,CS,True,usd,0000312069,BBG000BCZ341,BBG001S5P2T2,,,2025-01-15T16:53:40.662564Z,2016-10-24,BBG000BCZ341,1,1,1,0,daily,2005-01-01,2016-10-24,True,high,inactive
BCSA,Blockchain Coinvestors Acquisition Corp. I Class A Ordinary Shares,stocks,us,XNAS,CS,True,usd,0001873441,,,,,2025-08-22T21:40:34.127578425Z,2024-11-12,BCSA|XNAS,0,0,0,0,daily,2021-12-31,2024-11-12,True,high,inactive
BCSF,"Bain Capital Specialty Finance, Inc.",stocks,us,XNYS,CS,True,usd,0001655050,BBG00JDV0M15,BBG00JDV0M33,,,2026-03-06T07:08:17.586610152Z,2026-03-09,BBG00JDV0M15,1,1,1,0,daily,2018-11-13,2026-03-09,True,high,active
BCSS,Bain Capital GSS Investment Corp.,stocks,us,XNYS,CS,True,usd,0002064355,,,,,2026-03-06T07:08:17.586610533Z,2026-03-09,BCSS|XNYS,1,0,0,0,daily,2025-11-20,2026-03-09,True,high,active
BCT,BLACKROCK BROAD INVT2009 TM TR,stocks,us,XASE,CS,True,usd,,,,,,2025-01-15T23:25:26.098136Z,2009-10-12,BCT|XASE,2,0,0,0,daily,2008-10-03,2009-10-12,True,high,inactive
BCTF,"Bancorp 34, Inc. Common Stock",stocks,us,XNAS,CS,True,usd,0001668340,BBG00D1WNBL6,BBG00D1WNBK7,,,2024-12-03T22:10:32.507191Z,2020-08-25,BBG00D1WNBL6,0,1,1,0,daily,2016-10-25,2020-08-25,True,high,inactive
BCTG,BCTG Acquisition Corp. Common Stock,stocks,us,XNAS,CS,True,usd,0001819133,,,,,2024-12-03T22:22:33.624759Z,2021-08-10,BCTG|XNAS,0,0,0,0,daily,2020-09-03,2021-08-10,True,high,inactive
BCTX,Briacell Therapeutics Corp. Common Shares,stocks,us,XNAS,CS,True,usd,0001610820,BBG000D9RTN7,BBG001SMHR46,,,2024-12-03T22:23:59.246887Z,2022-02-08,BBG000D9RTN7,0,1,1,0,daily,2022-02-08,2022-02-08,True,high,inactive
BCTXL,BriaCell Therapeutics Corp. Warrant expiring 2031,stocks,us,XNAS,CS,True,usd,0001610820,BBG01ZJ84K31,,,,2026-03-06T07:08:17.586611455Z,2026-03-09,BBG01ZJ84K31,0,1,0,0,daily,2026-01-15,2026-03-09,True,high,active
BCV,Bancroft Fund Ltd.,stocks,us,XASE,CS,True,usd,0000009521,BBG000BB76H3,BBG001S5P2V9,,,2024-12-03T22:27:39.899492Z,2022-08-22,BBG000BB76H3,2,1,1,0,daily,2008-10-03,2022-08-22,True,high,inactive
BCX,BLACKROCK RESOURCES & COMMODITIES STRATEGY TRUST,stocks,us,XNYS,CS,True,usd,0001506289,BBG0019VQB06,BBG001TG5XN7,,,2024-12-03T22:27:39.899577Z,2022-08-22,BBG0019VQB06,1,1,1,0,daily,2011-03-30,2022-08-22,True,high,inactive
BCYP,Big Cypress Acquisition Corp. Common stock,stocks,us,XNAS,CS,True,usd,0001833214,,,,,2024-12-03T22:23:10.262412Z,2021-10-24,BCYP|XNAS,0,0,0,0,daily,2021-02-09,2021-10-24,True,high,inactive
BDC,Belden Inc.,stocks,us,XNYS,CS,True,usd,0000913142,BBG000Q4XNV1,BBG001SM6Z59,,,2026-03-06T07:08:17.586613278Z,2026-03-09,BBG000Q4XNV1,1,1,1,0,daily,2005-01-01,2026-03-09,True,high,active
BDCI,BTC Development Corp. Class A Ordinary Shares,stocks,us,XNAS,CS,True,usd,0002042292,,,,,2026-03-06T07:08:17.586613488Z,2026-03-09,BDCI|XNAS,0,0,0,0,daily,2025-10-16,2026-03-09,True,high,active
BDE,"Black Diamond, Inc.",stocks,us,XNAS,CS,True,usd,0000913277,,,,,2025-01-15T16:45:16.154401Z,2017-08-13,BDE|XNAS,0,0,0,0,daily,2016-10-25,2017-08-13,True,high,inactive
BDF,RIVUS BOND FUND COM,stocks,us,XNYS,CS,True,usd,0001378872,,,,,2025-01-15T22:47:35.874957Z,2011-12-08,BDF|XNYS,1,0,0,0,daily,2005-01-01,2011-12-08,True,high,inactive
BDG,BANDAG INC,stocks,us,XNYS,CS,True,usd,0000009534,,,,,2025-01-16T17:30:56.566214Z,2007-05-31,BDG|XNYS,1,0,0,0,daily,2005-01-01,2007-05-31,True,high,inactive
BDG.A,BANDAG INC CL-A,stocks,us,XNYS,CS,True,usd,0000009534,,,,,2025-01-16T17:30:56.567397Z,2007-05-31,BDG.A|XNYS,1,0,0,0,daily,2005-01-01,2007-05-31,True,high,inactive
BDGE,Bridge Bancorp Inc,stocks,us,XNAS,CS,True,usd,0000846617,,,,,2024-12-03T22:11:42.358073Z,2021-01-31,BDGE|XNAS,0,0,0,0,daily,2016-10-25,2021-01-31,True,high,inactive
BDJ,BlackRock Enhanced Equity Dividend Trust,stocks,us,XNYS,CS,True,usd,0001332283,BBG000BZQ7P8,BBG001SK5462,,,2024-12-03T22:27:39.8992Z,2022-08-22,BBG000BZQ7P8,1,1,1,0,daily,2005-08-26,2022-08-22,True,high,inactive
BDK,BLACK & DECKER CORP,stocks,us,XNYS,CS,True,usd,0000012355,,,,,2025-01-15T23:24:43.639958Z,2010-03-14,BDK|XNYS,1,0,0,0,daily,2005-01-01,2010-03-14,True,high,inactive
BDL,Flanigan's Enterprises Inc,stocks,us,XASE,CS,True,usd,0000012040,BBG000BCZHJ4,BBG001S5P347,,,2026-03-06T07:08:17.586615142Z,2026-03-09,BBG000BCZHJ4,2,1,1,0,daily,2008-10-03,2026-03-09,True,high,active
BDMD,Baird Medical Investment Holdings Ltd Ordinary Share,stocks,us,XNAS,CS,True,usd,0001982444,,,,,2026-03-06T07:08:17.586615352Z,2026-03-09,BDMD|XNAS,0,0,0,0,daily,2024-10-02,2026-03-09,True,high,active
BDN,Brandywine Realty Trust,stocks,us,XNYS,CS,True,usd,0000790816,BBG000CL6RJ3,BBG001S6YGF4,,,2026-03-06T07:08:17.586615773Z,2026-03-09,BBG000CL6RJ3,1,1,1,0,daily,2005-01-01,2026-03-09,True,high,active
BDR,Blonder Tongue Laboratories Inc,stocks,us,XASE,CS,True,usd,0001000683,BBG000FVBVT2,BBG001S8NC34,,,2024-12-03T22:26:03.52989Z,2022-06-26,BBG000FVBVT2,2,1,1,0,daily,2008-10-03,2022-06-26,True,high,inactive
BDSI,"BioDelivery Sciences International, Inc.",stocks,us,XNAS,CS,True,usd,0001103021,BBG000CFRCM2,BBG001SFBTV3,,,2024-12-03T22:23:59.24772Z,2022-02-08,BBG000CFRCM2,0,1,1,0,daily,2022-02-08,2022-02-08,True,high,inactive
BDSX,"Biodesix, Inc. Common Stock",stocks,us,XNAS,CS,True,usd,0001439725,BBG001J2LMV6,BBG001V0G914,,,2026-03-06T07:08:17.586616334Z,2026-03-09,BBG001J2LMV6,0,1,1,0,daily,2020-10-29,2026-03-09,True,high,active
BDT,BLACKROCK STRATEGIC EQUITY DIVIDEND TRUST COM,stocks,us,XNYS,CS,True,usd,0001277350,,,,,2025-01-15T22:45:41.087565Z,2012-02-26,BDT|XNYS,1,0,0,0,daily,2005-01-01,2012-02-26,True,high,inactive
BDTX,"Black Diamond Therapeutics, Inc. Common Stock",stocks,us,XNAS,CS,True,usd,0001701541,BBG00MS4Y0W9,BBG00MS4Y0X8,,,2026-03-06T07:08:17.586616424Z,2026-03-09,BBG00MS4Y0W9,0,1,1,0,daily,2020-01-30,2026-03-09,True,high,active
BDV,BLACKROCK EQUITY DIVIDEND TRUST COM,stocks,us,XNYS,CS,True,usd,0001265316,,,,,2025-01-15T22:45:41.087423Z,2012-02-26,BDV|XNYS,1,0,0,0,daily,2005-01-01,2012-02-26,True,high,inactive
BDX,"Becton, Dickinson and Co.",stocks,us,XNYS,CS,True,usd,0000010795,BBG000BCZYD3,BBG001S5P374,,,2026-03-06T07:08:17.586616765Z,2026-03-09,BBG000BCZYD3,1,1,1,0,daily,2005-01-01,2026-03-09,True,high,active
BDXW,"Becton, Dickinson and Company",stocks,us,XNYS,CS,True,usd,0000010795,,,,,2024-12-03T22:24:29.168056Z,2022-03-31,BDXw|XNYS,1,0,0,0,daily,2022-03-23,2022-03-31,True,high,inactive
BDY,BRADLEY PHARMACEUTICLS INC,stocks,us,XNYS,CS,True,usd,0000864268,,,,,2025-01-16T17:33:00.692176Z,2008-02-21,BDY|XNYS,1,0,0,0,daily,2005-01-01,2008-02-21,True,high,inactive
BE,Bloom Energy Corporation,stocks,us,XNYS,CS,True,usd,0001664703,BBG000N7KBZ3,BBG001T53509,,,2026-03-06T07:08:17.586617356Z,2026-03-09,BBG000N7KBZ3,1,1,1,0,daily,2018-07-24,2026-03-09,True,high,active
BEAG,Bold Eagle Acquisition Corp. Class A Ordinary Shares,stocks,us,XNAS,CS,True,usd,0001852207,,,,,2026-03-06T07:08:17.586617446Z,2026-03-09,BEAG|XNAS,0,0,0,0,daily,2024-12-16,2026-03-09,True,high,active
BEAM,Beam Therapeutics Inc. Common Stock,stocks,us,XNAS,CS,True,usd,0001745999,BBG00KXC8646,BBG00KXC8655,,,2026-03-06T07:08:17.586617757Z,2026-03-09,BBG00KXC8646,0,1,1,0,daily,2020-02-06,2026-03-09,True,high,active
BEAT,"BioTelemetry, Inc.",stocks,us,XNAS,CS,True,usd,0001009215,BBG005P4C1P9,BBG001SQLY29,,,2024-12-03T22:11:45.760289Z,2021-02-09,BBG005P4C1P9,0,1,1,0,daily,2016-10-25,2021-02-09,True,high,inactive
BEAV,B/E Aerospace Inc,stocks,us,XNAS,CS,True,usd,0000861361,,,,,2025-01-15T15:47:31.38748Z,2017-04-16,BEAV|XNAS,0,0,0,0,daily,2016-10-25,2017-04-16,True,high,inactive
BEBE,Bebe Stores Inc,stocks,us,XNAS,CS,True,usd,0001059272,BBG000C2DWX0,BBG001SBTNW5,,,2024-12-03T20:51:33.7404Z,2017-12-17,BBG000C2DWX0,0,1,1,0,daily,2016-12-09,2017-12-17,True,high,inactive
BEC,"BECKMAN COULTER,INC.",stocks,us,XNYS,CS,True,usd,0000840467,,,,,2025-01-15T22:48:05.257338Z,2011-06-30,BEC|XNYS,1,0,0,0,daily,2005-01-01,2011-06-30,True,high,inactive
BEN,"Franklin Resources, Inc.",stocks,us,XNYS,CS,True,usd,0000038777,BBG000BD0TF8,BBG001S5P3W6,,,2026-03-06T07:08:17.58661968Z,2026-03-09,BBG000BD0TF8,1,1,1,0,daily,2005-01-01,2026-03-09,True,high,active
BHP,BHP BILLITON LIMITED ADS ( 2 ORD SHS),stocks,us,XNYS,CS,True,usd,0000811809,BBG000BD5NZ4,BBG001S5P5K4,,,2025-01-15T16:53:40.661352Z,2016-10-24,BBG000BD5NZ4,1,1,1,0,daily,2005-01-01,2016-10-24,True,high,inactive
BIIB,Biogen Inc. Common Stock,stocks,us,XNAS,CS,True,usd,0000875045,BBG000C17X76,BBG001S67826,,,2026-03-06T07:08:17.586633687Z,2026-03-09,BBG000C17X76,0,1,1,0,daily,2016-10-25,2026-03-09,True,high,active
BK,Bank of New York Mellon Corporation,stocks,us,XNYS,CS,True,usd,0001390777,BBG000BD8PN9,BBG001S5P6Q6,,,2026-03-06T07:08:17.586643676Z,2026-03-09,BBG000BD8PN9,1,1,1,0,daily,2007-07-02,2026-03-09,True,high,active
BMY,Bristol-Myers Squibb Co.,stocks,us,XNYS,CS,True,usd,0000014272,BBG000DQLV23,BBG001S8N8J6,,,2026-03-06T07:08:17.586659596Z,2026-03-09,BBG000DQLV23,1,1,1,0,daily,2005-01-01,2026-03-09,True,high,active
BP,BP PLC ADS(RP 6 ORD),stocks,us,XNYS,CS,True,usd,0000313807,BBG000BT4FC2,BBG001S5W4F5,,,2025-01-15T16:53:40.662119Z,2016-10-24,BBG000BT4FC2,1,1,1,0,daily,2005-01-01,2016-10-24,True,high,inactive
BRK.B,BERKSHIRE HATHAWAY Class B,stocks,us,XNYS,CS,True,usd,0001067983,BBG000DWG505,BBG001S90346,,,2026-03-06T07:08:17.586671138Z,2026-03-09,BBG000DWG505,1,1,1,0,daily,2010-01-22,2026-03-09,True,high,active
BSX,Boston Scientific Corp.,stocks,us,XNYS,CS,True,usd,0000885725,BBG000C0LW92,BBG001S63L94,,,2026-03-06T07:08:17.586679554Z,2026-03-09,BBG000C0LW92,1,1,1,0,daily,2005-01-01,2026-03-09,True,high,active
BTU,Peabody Energy Corporation,stocks,us,XNYS,CS,True,usd,0001064728,BBG00GBV88T6,BBG00GBV89J5,,,2026-03-06T07:08:17.586684915Z,2026-03-09,BBG00GBV88T6,1,1,1,0,daily,2017-04-03,2026-03-09,True,high,active
BUD,ANHEUSER-BUSCH INBEV SA SPONSORED ADR (BELGIUM),stocks,us,XNYS,CS,True,usd,0001668717,BBG000RYC984,BBG001T53FW2,,,2025-01-15T16:53:40.662497Z,2016-10-24,BBG000RYC984,1,1,1,0,daily,2009-09-17,2016-10-24,True,high,inactive
C,Citigroup Inc.,stocks,us,XNYS,CS,True,usd,0000831001,BBG000F9CXG0,BBG001S72ZG4,,,2024-12-03T22:23:59.247702Z,2022-02-08,BBG000F9CXG0,1,1,1,0,daily,2022-02-08,2022-02-08,True,high,inactive
CAG,"Conagra Brands, Inc.",stocks,us,XNYS,CS,True,usd,0000023217,BBG000BDXGP9,BBG001S5PGY5,,,2026-03-06T07:08:17.586699132Z,2026-03-09,BBG000BDXGP9,1,1,1,0,daily,2005-01-01,2026-03-09,True,high,active
CAH,"Cardinal Health, Inc.",stocks,us,XNYS,CS,True,usd,0000721371,BBG000D898T9,BBG001S7PC34,,,2026-03-06T07:08:17.586699332Z,2026-03-09,BBG000D898T9,1,1,1,0,daily,2005-01-01,2026-03-09,True,high,active
CAT,Caterpillar Inc.,stocks,us,XNYS,CS,True,usd,0000018230,BBG000BF0K17,BBG001S5PJ06,,,2026-03-06T07:08:17.586704682Z,2026-03-09,BBG000BF0K17,1,1,1,0,daily,2005-01-01,2026-03-09,True,high,active
CB,Chubb Limited,stocks,us,XNYS,CS,True,usd,0000896159,,,,,2026-03-06T07:08:17.586705524Z,2026-03-09,CB|XNYS,1,0,0,0,daily,2005-01-01,2026-03-09,True,high,active
CCI,Crown Castle Intl. Corp.,stocks,us,XNYS,CS,True,usd,0001051470,BBG000BJJDH8,BBG001S7W5T3,,,2024-12-03T22:23:59.248428Z,2022-02-08,BBG000BJJDH8,1,1,1,0,daily,2022-02-08,2022-02-08,True,high,inactive
CCJ,Cameco Corporation,stocks,us,XNYS,CS,True,usd,0001009001,BBG000BXYMJ8,BBG001S5Y5S6,,,2024-12-03T22:23:59.248242Z,2022-02-08,BBG000BXYMJ8,1,1,1,0,daily,2022-02-08,2022-02-08,True,high,inactive
CCL,Carnival Corporation,stocks,us,XNYS,CS,True,usd,0000815097,BBG000BF6LY3,BBG001S5PL01,,,2026-03-06T07:08:17.586716314Z,2026-03-09,BBG000BF6LY3,1,1,1,0,daily,2005-01-01,2026-03-09,True,high,active
CDE,"Coeur Mining, Inc.",stocks,us,XNYS,CS,True,usd,0000215466,BBG000BF8TF5,BBG001S5PM54,,,2026-03-06T07:08:17.586721144Z,2026-03-09,BBG000BF8TF5,1,1,1,0,daily,2009-05-28,2026-03-09,True,high,active
CHK,Chesapeake Energy Corp.,stocks,us,XNYS,CS,True,usd,0000019731,BBG00FZLLFK2,BBG001S8H4V8,,,2024-12-03T21:52:36.143662Z,2020-04-14,BBG00FZLLFK2,1,1,1,0,daily,2005-01-01,2020-04-14,True,high,inactive
CI,The Cigna Group,stocks,us,XNYS,CS,True,usd,0001739940,BBG00KXRCDP0,BBG00KXRCDQ9,,,2026-03-06T07:08:17.586751532Z,2026-03-09,BBG00KXRCDP0,1,1,1,0,daily,2018-12-21,2026-03-09,True,high,active
CIEN,Ciena Corporation,stocks,us,XNYS,CS,True,usd,0000936395,BBG000BP1152,BBG001S61J73,,,2026-03-06T07:08:17.586752053Z,2026-03-09,BBG000BP1152,1,1,1,0,daily,2013-12-26,2026-03-09,True,high,active
CL,Colgate-Palmolive Company,stocks,us,XNYS,CS,True,usd,0000021665,BBG000BFQYY3,BBG001S5PVM5,,,2026-03-06T07:08:17.586756231Z,2026-03-09,BBG000BFQYY3,1,1,1,0,daily,2005-01-01,2026-03-09,True,high,active
CLF,Cleveland-Cliffs Inc.,stocks,us,XNYS,CS,True,usd,0000764065,BBG000BFRF55,BBG001S5PW43,,,2026-03-06T07:08:17.586757643Z,2026-03-09,BBG000BFRF55,1,1,1,0,daily,2017-08-25,2026-03-09,True,high,active
CLX,Clorox Company,stocks,us,XNYS,CS,True,usd,0000021076,BBG000BFS7D3,BBG001S5PX50,,,2026-03-06T07:08:17.586762252Z,2026-03-09,BBG000BFS7D3,1,1,1,0,daily,2005-01-01,2026-03-09,True,high,active
CMA,Comerica Incorporated,stocks,us,XNYS,CS,True,usd,0000028412,BBG000C75N77,BBG001S6PXB1,,,2026-02-02T07:05:41.681705933Z,2026-02-01,BBG000C75N77,1,1,1,0,daily,2005-01-01,2026-02-01,True,high,inactive
CMCSA,Comcast Corp,stocks,us,XNAS,CS,True,usd,0001166691,BBG000BFT2L4,BBG001S5PXL2,,,2026-03-06T07:08:17.586763514Z,2026-03-09,BBG000BFT2L4,0,1,1,0,daily,2016-10-25,2026-03-09,True,high,active
CME,CME Group Inc.,stocks,us,XNAS,CS,True,usd,0001156375,BBG000BHLYP4,BBG001S86547,,,2026-03-06T07:08:17.586763985Z,2026-03-09,BBG000BHLYP4,0,1,1,0,daily,2007-07-13,2026-03-09,True,high,active
CMS,CMS Energy Corporation,stocks,us,XNYS,CS,True,usd,0000811156,BBG000BFVXX0,BBG001S5PYJ3,,,2026-03-06T07:08:17.5867664Z,2026-03-09,BBG000BFVXX0,1,1,1,0,daily,2005-01-01,2026-03-09,True,high,active
CNP,"CenterPoint Energy, Inc.",stocks,us,XNYS,CS,True,usd,0001130310,BBG000FDBX90,BBG001SB10S0,,,2026-03-06T07:08:17.586770658Z,2026-03-09,BBG000FDBX90,1,1,1,0,daily,2005-01-01,2026-03-09,True,high,active
CNQ,Canadian Natural Resources Limited,stocks,us,XNYS,CS,True,usd,0001017413,BBG000FGBG63,BBG001S5YC56,,,2024-12-03T22:23:59.247966Z,2022-02-08,BBG000FGBG63,1,1,1,0,daily,2022-02-08,2022-02-08,True,high,inactive
CNX,CNX Resources Corporation,stocks,us,XNYS,CS,True,usd,0001070412,BBG000CKVSG8,BBG001SC7TN4,,,2026-03-06T07:08:17.58677183Z,2026-03-09,BBG000CKVSG8,1,1,1,0,daily,2017-11-14,2026-03-09,True,high,active
COF,Capital One Financial,stocks,us,XNYS,CS,True,usd,0000927628,BBG000BGKTF9,BBG001S65PV8,,,2026-03-06T07:08:17.586774014Z,2026-03-09,BBG000BGKTF9,1,1,1,0,daily,2005-01-01,2026-03-09,True,high,active
COP,ConocoPhillips,stocks,us,XNYS,CS,True,usd,0001163165,BBG000BQQH30,BBG001S5TZM2,,,2026-03-06T07:08:17.586778483Z,2026-03-09,BBG000BQQH30,1,1,1,0,daily,2005-01-01,2026-03-09,True,high,active
COST,Costco Wholesale Corp,stocks,us,XNAS,CS,True,usd,0000909832,BBG000F6H8W8,BBG001S9KRQ7,,,2026-03-06T07:08:17.586780687Z,2026-03-09,BBG000F6H8W8,0,1,1,0,daily,2016-10-25,2026-03-09,True,high,active
CPB,The Campbell's Company Common Stock,stocks,us,XNAS,CS,True,usd,0000016732,BBG000BG4202,BBG001S5Q2B0,,,2026-03-06T07:08:17.586782901Z,2026-03-09,BBG000BG4202,0,1,1,0,daily,2005-01-01,2026-03-09,True,high,active
CRM,"Salesforce, Inc.",stocks,us,XNYS,CS,True,usd,0001108524,BBG000BN2DC2,BBG001SDLP09,,,2026-03-06T07:08:17.586792159Z,2026-03-09,BBG000BN2DC2,1,1,1,0,daily,2005-01-01,2026-03-09,True,high,active
CSCO,"Cisco Systems, Inc. Common Stock (DE)",stocks,us,XNAS,CS,True,usd,0000858877,BBG000C3J3C9,BBG001S6HC62,,,2026-03-06T07:08:17.586797559Z,2026-03-09,BBG000C3J3C9,0,1,1,0,daily,2016-10-25,2026-03-09,True,high,active
CSX,CSX Corporation,stocks,us,XNAS,CS,True,usd,0000277948,BBG000BGJRC8,BBG001S5Q7Q3,,,2026-03-06T07:08:17.586802849Z,2026-03-09,BBG000BGJRC8,0,1,1,0,daily,2005-01-01,2026-03-09,True,high,active
CTSH,Cognizant Technology Solutions,stocks,us,XNAS,CS,True,usd,0001058290,BBG000BBDV81,BBG001S5STN6,,,2026-03-06T07:08:17.586809111Z,2026-03-09,BBG000BBDV81,0,1,1,0,daily,2016-10-25,2026-03-09,True,high,active
CVS,CVS HEALTH CORPORATION,stocks,us,XNYS,CS,True,usd,0000064803,BBG000BGRY34,BBG001S5QBD8,,,2026-03-06T07:08:17.586817848Z,2026-03-09,BBG000BGRY34,1,1,1,0,daily,2005-01-01,2026-03-09,True,high,active
CVX,Chevron Corporation,stocks,us,XNYS,CS,True,usd,0000093410,BBG000F5P003,BBG001S67ZC5,,,2024-12-03T22:23:59.247526Z,2022-02-08,BBG000F5P003,1,1,1,0,daily,2022-02-08,2022-02-08,True,high,inactive
CX,"CEMEX, S.A.B. DE C.V. ADS (REPTSG 10 ORD PART CERT)",stocks,us,XNYS,CS,True,usd,0001076378,BBG000BPCTB2,BBG001SD8F15,,,2025-01-15T16:53:40.661599Z,2016-10-24,BBG000BPCTB2,1,1,1,0,daily,2005-01-01,2016-10-24,True,high,inactive
D,"Dominion Energy, Inc Common Stock",stocks,us,XNYS,CS,True,usd,0000715957,BBG000BGVW60,BBG001S5QCP3,,,2026-03-06T07:08:17.586828057Z,2026-03-09,BBG000BGVW60,1,1,1,0,daily,2005-01-01,2026-03-09,True,high,active
DAL,"Delta Air Lines, Inc.",stocks,us,XNYS,CS,True,usd,0000027904,BBG000R7Z112,BBG001SPT759,,,2026-03-06T07:08:17.586830352Z,2026-03-09,BBG000R7Z112,1,1,1,0,daily,2007-04-26,2026-03-09,True,high,active
DB,Deutsche Bank Aktiengesellschaft,stocks,us,XNYS,CS,True,usd,0001159508,,,,,2026-03-06T07:08:17.58683446Z,2026-03-09,DB|XNYS,1,0,0,0,daily,2005-01-01,2026-03-09,True,high,active
DE,Deere & Company,stocks,us,XNYS,CS,True,usd,0000315189,BBG000BH1NH9,BBG001S5QFF7,,,2026-03-06T07:08:17.586849158Z,2026-03-09,BBG000BH1NH9,1,1,1,0,daily,2005-01-01,2026-03-09,True,high,active
DHI,D.R. Horton Inc.,stocks,us,XNYS,CS,True,usd,0000882184,BBG000DQTXY6,BBG001S8M692,,,2026-03-06T07:08:17.586862724Z,2026-03-09,BBG000DQTXY6,1,1,1,0,daily,2005-01-01,2026-03-09,True,high,active
DHR,Danaher Corporation,stocks,us,XNYS,CS,True,usd,0000313616,BBG000BH3JF8,BBG001S5QGT0,,,2026-03-06T07:08:17.586863104Z,2026-03-09,BBG000BH3JF8,1,1,1,0,daily,2005-01-01,2026-03-09,True,high,active
DIS,The Walt Disney Company,stocks,us,XNYS,CS,True,usd,0001744489,BBG000BH4R78,BBG001S5QHF3,,,2026-03-06T07:08:17.586865288Z,2026-03-09,BBG000BH4R78,1,1,1,0,daily,2005-01-01,2026-03-09,True,high,active
DKS,"Dick's Sporting Goods, Inc.",stocks,us,XNYS,CS,True,usd,0001089063,BBG000F6ZWH2,BBG001SK2651,,,2026-03-06T07:08:17.586868815Z,2026-03-09,BBG000F6ZWH2,1,1,1,0,daily,2005-01-01,2026-03-09,True,high,active
DLTR,Dollar Tree Inc.,stocks,us,XNAS,CS,True,usd,0000935703,BBG000BSC0K9,BBG001S6ZGL6,,,2026-03-06T07:08:17.58687123Z,2026-03-09,BBG000BSC0K9,0,1,1,0,daily,2016-10-25,2026-03-09,True,high,active
DOW,Dow Inc.,stocks,us,XNYS,CS,True,usd,0001751788,BBG00BN96922,BBG00BN96931,,,2026-03-06T07:08:17.586878854Z,2026-03-09,BBG00BN96922,1,1,1,0,daily,2019-03-20,2026-03-09,True,high,active
DRI,"Darden Restaurants, Inc.",stocks,us,XNYS,CS,True,usd,0000940944,BBG000BBNYF6,BBG001S5QM08,,,2026-03-06T07:08:17.58688171Z,2026-03-09,BBG000BBNYF6,1,1,1,0,daily,2005-01-01,2026-03-09,True,high,active
DUK,Duke Energy Corporation,stocks,us,XNYS,CS,True,usd,0001326160,BBG000BHGDH5,BBG001S5QNR7,,,2026-03-06T07:08:17.586893683Z,2026-03-09,BBG000BHGDH5,1,1,1,0,daily,2012-07-05,2026-03-09,True,high,active
DVN,Devon Energy Corporation,stocks,us,XNYS,CS,True,usd,0001090012,BBG000BBVJZ8,BBG001S63VG4,,,2026-03-06T07:08:17.586896418Z,2026-03-09,BBG000BBVJZ8,1,1,1,0,daily,2005-01-01,2026-03-09,True,high,active
EBAY,eBay Inc,stocks,us,XNAS,CS,True,usd,0001065088,BBG000BPJ466,BBG001S9B9J5,,,2024-12-03T22:23:59.24831Z,2022-02-08,BBG000BPJ466,0,1,1,0,daily,2022-02-08,2022-02-08,True,high,inactive
ED,"Consolidated Edison, Inc.",stocks,us,XNYS,CS,True,usd,0001047862,BBG000BHLYS1,BBG001S5QRL4,,,2026-03-06T07:08:17.58690829Z,2026-03-09,BBG000BHLYS1,1,1,1,0,daily,2005-01-01,2026-03-09,True,high,active
EIX,Edison International,stocks,us,XNYS,CS,True,usd,0000827052,BBG000D7RKJ5,BBG001S7MY75,,,2026-03-06T07:08:17.586919432Z,2026-03-09,BBG000D7RKJ5,1,1,1,0,daily,2005-01-01,2026-03-09,True,high,active
EL,The Estee Lauder Companies Inc. Class A,stocks,us,XNYS,CS,True,usd,0001001250,BBG000FKJRC5,BBG001S8L5H6,,,2026-03-06T07:08:17.586920153Z,2026-03-09,BBG000FKJRC5,1,1,1,0,daily,2005-01-01,2026-03-09,True,high,active
EMR,Emerson Electric Co.,stocks,us,XNYS,CS,True,usd,0000032604,BBG000BHX7N2,BBG001S5QVT7,,,2026-03-06T07:08:17.586927908Z,2026-03-09,BBG000BHX7N2,1,1,1,0,daily,2005-01-01,2026-03-09,True,high,active
EOG,"EOG Resources, Inc.",stocks,us,XNYS,CS,True,usd,0000821189,BBG000BZ9223,BBG001S5ZB93,,,2026-03-06T07:08:17.586932266Z,2026-03-09,BBG000BZ9223,1,1,1,0,daily,2005-01-01,2026-03-09,True,high,active
EPD,Enterprise Products Partners L.P.,stocks,us,XNYS,CS,True,usd,0001061219,BBG000BR3012,BBG001S9P0Z1,,,2026-03-06T07:08:17.586933759Z,2026-03-09,BBG000BR3012,1,1,1,0,daily,2005-01-01,2026-03-09,True,high,active
EQR,Equity Residential,stocks,us,XNYS,CS,True,usd,0000906107,BBG000BG71W6,BBG001S723L9,,,2024-12-03T22:23:59.246955Z,2022-02-08,BBG000BG71W6,1,1,1,0,daily,2022-02-08,2022-02-08,True,high,inactive
EQT,EQT CORP,stocks,us,XNYS,CS,True,usd,0000033213,BBG000BHZ5J9,BBG001S5QXJ4,,,2026-03-06T07:08:17.586938127Z,2026-03-09,BBG000BHZ5J9,1,1,1,0,daily,2009-02-10,2026-03-09,True,high,active
ETN,"Eaton Corporation, plc Ordinary Shares",stocks,us,XNYS,CS,True,usd,0001551182,,,,,2026-03-06T07:08:17.586947144Z,2026-03-09,ETN|XNYS,1,0,0,0,daily,2005-01-01,2026-03-09,True,high,active
ETR,Entergy Corporation,stocks,us,XNYS,CS,True,usd,0000065984,BBG000C1FQS9,BBG001S67KF5,,,2026-03-06T07:08:17.586947565Z,2026-03-09,BBG000C1FQS9,1,1,1,0,daily,2005-01-01,2026-03-09,True,high,active
EXC,Exelon Corporation,stocks,us,XNAS,CS,True,usd,0001109357,BBG000FMWLM8,BBG001SBJMT2,,,2024-12-03T22:23:59.248438Z,2022-02-08,BBG000FMWLM8,0,1,1,0,daily,2022-02-08,2022-02-08,True,high,inactive
EXPE,"Expedia Group, Inc. Common Stock",stocks,us,XNAS,CS,True,usd,0001324424,BBG000QY3XZ2,BBG001SP8VM0,,,2026-03-06T07:08:17.586969367Z,2026-03-09,BBG000QY3XZ2,0,1,1,0,daily,2016-10-25,2026-03-09,True,high,active
F,Ford Motor Company,stocks,us,XNYS,CS,True,usd,0000037996,BBG000BQPC32,BBG001S5TZ33,,,2026-03-06T07:08:17.586973455Z,2026-03-09,BBG000BQPC32,1,1,1,0,daily,2005-01-01,2026-03-09,True,high,active
FAST,Fastenal Co,stocks,us,XNAS,CS,True,usd,0000815556,BBG000BJ8YN7,BBG001S5R1F7,,,2026-03-06T07:08:17.586977412Z,2026-03-09,BBG000BJ8YN7,0,1,1,0,daily,2016-10-25,2026-03-09,True,high,active
FCEL,FuelCell Energy Inc  NEW (DE),stocks,us,XNAS,CS,True,usd,0000886128,BBG000HD6N96,BBG001SDZHP5,,,2024-12-03T22:23:59.248323Z,2022-02-08,BBG000HD6N96,0,1,1,0,daily,2022-02-08,2022-02-08,True,high,inactive
FCX,Freeport-McMoran Inc.,stocks,us,XNYS,CS,True,usd,0000831259,BBG000BJDB15,BBG001S5R3F3,,,2026-03-06T07:08:17.586991659Z,2026-03-09,BBG000BJDB15,1,1,1,0,daily,2005-01-01,2026-03-09,True,high,active
FDX,FedEx Corporation,stocks,us,XNYS,CS,True,usd,0001048911,BBG000BJF1Z8,BBG001S5R3M5,,,2026-03-06T07:08:17.586999384Z,2026-03-09,BBG000BJF1Z8,1,1,1,0,daily,2005-01-01,2026-03-09,True,high,active
FE,FirstEnergy Corp.,stocks,us,XNYS,CS,True,usd,0001031296,BBG000BB6M98,BBG001S5R3N4,,,2026-03-06T07:08:17.586999594Z,2026-03-09,BBG000BB6M98,1,1,1,0,daily,2005-01-01,2026-03-09,True,high,active
FHN,First Horizon Corporation,stocks,us,XNYS,CS,True,usd,0000036966,BBG000G8PV53,BBG001SCW8R8,,,2024-12-03T22:23:59.246761Z,2022-02-08,BBG000G8PV53,1,1,1,0,daily,2022-02-08,2022-02-08,True,high,inactive
FITB,Fifth Third Bancorp,stocks,us,XNAS,CS,True,usd,0000035527,BBG000BJL3N0,BBG001S5R6S2,,,2026-03-06T07:08:17.587025414Z,2026-03-09,BBG000BJL3N0,0,1,1,0,daily,2016-10-25,2026-03-09,True,high,active
FL,"Foot Locker, Inc.",stocks,us,XNYS,CS,True,usd,0000850209,BBG000BX8DC4,BBG001S5XMR1,,,2025-09-16T21:12:05.111012102Z,2025-09-07,BBG000BX8DC4,1,1,1,0,daily,2005-01-01,2025-09-07,True,high,inactive
FLEX,Flex Ltd. Ordinary Shares,stocks,us,XNAS,CS,True,usd,0000866374,,,,,2026-03-06T07:08:17.58703374Z,2026-03-09,FLEX|XNAS,0,0,0,0,daily,2016-10-25,2026-03-09,True,high,active
FLR,Fluor Corporation,stocks,us,XNYS,CS,True,usd,0001124198,BBG000BB1TH9,BBG001S5Q738,,,2026-03-06T07:08:17.587038609Z,2026-03-09,BBG000BB1TH9,1,1,1,0,daily,2005-01-01,2026-03-09,True,high,active
FSLR,"First Solar, Inc.",stocks,us,XNAS,CS,True,usd,0001274494,BBG000BFL116,BBG001S991Z7,,,2026-03-06T07:08:17.587058066Z,2026-03-09,BBG000BFL116,0,1,1,0,daily,2016-10-25,2026-03-09,True,high,active
FTI,TechnipFMC plc Ordinary Share,stocks,us,XNYS,CS,True,usd,0001681459,,,,,2026-03-06T07:08:17.587064648Z,2026-03-09,FTI|XNYS,1,0,0,0,daily,2005-01-01,2026-03-09,True,high,active
FXI,ISHARES FTSE/XINHUA CHINA 25 INDEX FUND,stocks,us,XNYS,CS,True,usd,0001100663,BBG000Q8RVM1,BBG001SMDNB1,,,2025-01-16T17:24:48.793501Z,2005-01-23,BBG000Q8RVM1,1,1,1,0,daily,2005-01-07,2005-01-23,True,high,inactive
GD,General Dynamics Corporation,stocks,us,XNYS,CS,True,usd,0000040533,BBG000BK67C7,BBG001S5RHP1,,,2026-03-06T07:08:17.587088945Z,2026-03-09,BBG000BK67C7,1,1,1,0,daily,2005-01-01,2026-03-09,True,high,active
GE,General Electric Company,stocks,us,XNYS,CS,True,usd,0000040545,BBG000BFQ5F7,BBG001S5PVD5,,,2024-12-03T22:23:59.247937Z,2022-02-08,BBG000BFQ5F7,1,1,1,0,daily,2022-02-08,2022-02-08,True,high,inactive
GFI,GOLD FIELDS LTD SPONS ADR,stocks,us,XNYS,CS,True,usd,0001172724,BBG000KHT4K7,BBG001S93ZM2,,,2025-01-15T16:53:40.662843Z,2016-10-24,BBG000KHT4K7,1,1,1,0,daily,2005-01-01,2016-10-24,True,high,inactive
GGB,GERDAU S.A. ADS (REPTG 1 PREF SH),stocks,us,XNYS,CS,True,usd,0001073404,BBG000K91FQ4,BBG001SCL1T3,,,2025-01-15T16:53:40.662878Z,2016-10-24,BBG000K91FQ4,1,1,1,0,daily,2005-01-01,2016-10-24,True,high,inactive
GILD,Gilead Sciences Inc,stocks,us,XNAS,CS,True,usd,0000882095,BBG000CKGBP2,BBG001S6Y1X7,,,2026-03-06T07:08:17.587108562Z,2026-03-09,BBG000CKGBP2,0,1,1,0,daily,2016-10-25,2026-03-09,True,high,active
GIS,"General Mills, Inc.",stocks,us,XNYS,CS,True,usd,0000040704,BBG000BKCFC2,BBG001S5RKR2,,,2026-03-06T07:08:17.587109664Z,2026-03-09,BBG000BKCFC2,1,1,1,0,daily,2005-01-01,2026-03-09,True,high,active
GLW,Corning Incorporated,stocks,us,XNYS,CS,True,usd,0000024741,BBG000BKFZM4,BBG001S5RLH1,,,2026-03-06T07:08:17.587117239Z,2026-03-09,BBG000BKFZM4,1,1,1,0,daily,2005-01-01,2026-03-09,True,high,active
GM,General Motors Company,stocks,us,XNYS,CS,True,usd,0001467858,BBG000NDYB67,BBG001SM1DK6,,,2026-03-06T07:08:17.58711806Z,2026-03-09,BBG000NDYB67,1,1,1,0,daily,2010-11-19,2026-03-09,True,high,active
GME,GameStop Corp. Class A,stocks,us,XNYS,CS,True,usd,0001326380,BBG000BB5BF6,BBG001S5RLR0,,,2026-03-06T07:08:17.587118702Z,2026-03-09,BBG000BB5BF6,1,1,1,0,daily,2005-10-10,2026-03-09,True,high,active
GNW,"Genworth Financial, Inc.",stocks,us,XNYS,CS,True,usd,0001276520,BBG000J5Q6L2,BBG001SJ0DH8,,,2026-03-06T07:08:17.587122619Z,2026-03-09,BBG000J5Q6L2,1,1,1,0,daily,2005-01-01,2026-03-09,True,high,active
GOLD,Barrick Gold Corp.,stocks,us,XNYS,CS,True,usd,0000743872,BBG000LYFKM6,BBG001S5N9P3,,,2025-07-16T20:56:23.000484555Z,2019-09-24,BBG000LYFKM6,1,1,1,0,daily,2019-09-24,2019-09-24,True,high,inactive
GOOG,Alphabet Inc. Class C Capital Stock,stocks,us,XNAS,CS,True,usd,0001652044,BBG009S3NB30,BBG009S3NB21,,,2026-03-06T07:08:17.587124583Z,2026-03-09,BBG009S3NB30,0,1,1,0,daily,2016-10-25,2026-03-09,True,high,active
GS,Goldman Sachs Group Inc.,stocks,us,XNYS,CS,True,usd,0000886982,BBG000C6CFJ5,BBG001SC07Z6,,,2026-03-06T07:08:17.587136526Z,2026-03-09,BBG000C6CFJ5,1,1,1,0,daily,2005-01-01,2026-03-09,True,high,active
GSK,GLAXOSMITHKLINE PLC ADS,stocks,us,XNYS,CS,True,usd,0001131399,BBG000BLB481,BBG001SD6SM6,,,2025-01-15T16:53:40.661777Z,2016-10-24,BBG000BLB481,1,1,1,0,daily,2005-01-01,2016-10-24,True,high,inactive
GT,Goodyear Tire & Rubber,stocks,us,XNAS,CS,True,usd,0000042582,BBG000BKNX95,BBG001S5RQ62,,,2026-03-06T07:08:17.587141705Z,2026-03-09,BBG000BKNX95,0,1,1,0,daily,2005-01-01,2026-03-09,True,high,active
HAL,Halliburton Company,stocks,us,XNYS,CS,True,usd,0000045012,BBG000BKTFN2,BBG001S5RS59,,,2026-03-06T07:08:17.587151434Z,2026-03-09,BBG000BKTFN2,1,1,1,0,daily,2005-01-01,2026-03-09,True,high,active
HBAN,Huntington Bancshares Inc,stocks,us,XNAS,CS,True,usd,0000049196,BBG000BKWSR6,BBG001S5RSZ6,,,2026-03-06T07:08:17.587152997Z,2026-03-09,BBG000BKWSR6,0,1,1,0,daily,2016-10-25,2026-03-09,True,high,active
HD,"Home Depot, Inc.",stocks,us,XNYS,CS,True,usd,0000354950,BBG000BKZB36,BBG001S5RTW7,,,2026-03-06T07:08:17.587158507Z,2026-03-09,BBG000BKZB36,1,1,1,0,daily,2005-01-01,2026-03-09,True,high,active
HIG,"The Hartford Insurance Group, Inc.",stocks,us,XNYS,CS,True,usd,0000874766,BBG000G0Z878,BBG001S8PXF3,,,2026-03-06T07:08:17.587169639Z,2026-03-09,BBG000G0Z878,1,1,1,0,daily,2005-01-01,2026-03-09,True,high,active
HL,Hecla Mining Company,stocks,us,XNYS,CS,True,usd,0000719413,BBG000BL5W86,BBG001S5RXF7,,,2026-03-06T07:08:17.587174047Z,2026-03-09,BBG000BL5W86,1,1,1,0,daily,2005-01-01,2026-03-09,True,high,active
HMY,HARMONY GOLD MNG SP ADR-NEW,stocks,us,XNYS,CS,True,usd,0001023514,BBG000BX93G1,BBG001S64W80,,,2025-01-15T16:53:40.662376Z,2016-10-24,BBG000BX93G1,1,1,1,0,daily,2005-01-01,2016-10-24,True,high,inactive
HOLX,Hologic Inc,stocks,us,XNAS,CS,True,usd,0000859737,BBG000C3NTN5,BBG001S6HWB2,,,2026-03-06T07:08:17.587179828Z,2026-03-09,BBG000C3NTN5,0,1,1,0,daily,2016-10-25,2026-03-09,True,high,active
HON,"Honeywell International, Inc.",stocks,us,XNAS,CS,True,usd,0000773840,BBG000H556T9,BBG001S5X1N1,,,2026-03-06T07:08:17.587180279Z,2026-03-09,BBG000H556T9,0,1,1,0,daily,2005-01-01,2026-03-09,True,high,active
HP,"Helmerich & Payne, Inc.",stocks,us,XNYS,CS,True,usd,0000046765,BBG000BLCPY4,BBG001S5RZP1,,,2026-03-06T07:08:17.587182423Z,2026-03-09,BBG000BLCPY4,1,1,1,0,daily,2005-01-01,2026-03-09,True,high,active
HPQ,HP Inc.,stocks,us,XNYS,CS,True,usd,0000047217,BBG000D1QCS7,BBG001S6W7N7,,,2024-12-03T22:23:59.248319Z,2022-02-08,BBG000D1QCS7,1,1,1,0,daily,2022-02-08,2022-02-08,True,high,inactive
HRB,"H&R Block, Inc.",stocks,us,XNYS,CS,True,usd,0000012659,BBG000BLDV98,BBG001S5S031,,,2026-03-06T07:08:17.587184397Z,2026-03-09,BBG000BLDV98,1,1,1,0,daily,2005-01-01,2026-03-09,True,high,active
IBM,International Business Machines Corporation,stocks,us,XNYS,CS,True,usd,0000051143,BBG000BLNNH6,BBG001S5S399,,,2026-03-06T07:08:17.587213302Z,2026-03-09,BBG000BLNNH6,1,1,1,0,daily,2005-01-01,2026-03-09,True,high,active
IBN,ICICI BANK LTD ADS(RP 2EQTY SH,stocks,us,XNYS,CS,True,usd,0001103838,BBG000DRM643,BBG001SCD3Z1,,,2025-01-15T16:53:40.662814Z,2016-10-24,BBG000DRM643,1,1,1,0,daily,2005-01-01,2016-10-24,True,high,inactive
INFY,INFOSYS LTD ADS,stocks,us,XNYS,CS,True,usd,0001067491,BBG000BSGQL7,BBG001S6ZLV4,,,2025-01-15T16:53:40.662907Z,2016-10-24,BBG000BSGQL7,1,1,1,0,daily,2012-12-13,2016-10-24,True,high,inactive
ING,ING GROEP NV ADS (BEAR DEP RCT,stocks,us,XNYS,CS,True,usd,0001039765,BBG000BM0LB9,BBG001SB1FR8,,,2025-01-15T16:53:40.661468Z,2016-10-24,BBG000BM0LB9,1,1,1,0,daily,2005-01-01,2016-10-24,True,high,inactive
INTC,Intel Corp,stocks,us,XNAS,CS,True,usd,0000050863,BBG000C0G1D1,BBG001S5SF65,,,2026-03-06T07:08:17.587260622Z,2026-03-09,BBG000C0G1D1,0,1,1,0,daily,2016-10-25,2026-03-09,True,high,active
INTU,Intuit Inc,stocks,us,XNAS,CS,True,usd,0000896878,BBG000BH5DV1,BBG001S6TWR2,,,2026-03-06T07:08:17.587261935Z,2026-03-09,BBG000BH5DV1,0,1,1,0,daily,2016-10-25,2026-03-09,True,high,active
IP,International Paper Co.,stocks,us,XNYS,CS,True,usd,0000051434,BBG000BM5SR2,BBG001S5SBF4,,,2026-03-06T07:08:17.587265672Z,2026-03-09,BBG000BM5SR2,1,1,1,0,daily,2005-01-01,2026-03-09,True,high,active
IPG,"The Interpublic Group of Companies, Inc.",stocks,us,XNYS,CS,True,usd,0000051644,BBG000C90DH9,BBG001S6RLK5,,,2025-11-28T07:05:30.308131323Z,2025-11-27,BBG000C90DH9,1,1,1,0,daily,2005-01-01,2025-11-27,True,high,inactive
IR,Ingersoll Rand Inc. Common Stock,stocks,us,XNYS,CS,True,usd,0001699150,BBG002R1CW27,BBG002R1CW36,,,2026-03-06T07:08:17.587271242Z,2026-03-09,BBG002R1CW27,1,1,1,0,daily,2020-03-02,2026-03-09,True,high,active
ITW,Illinois Tool Works Inc.,stocks,us,XNYS,CS,True,usd,0000049826,BBG000BMBL90,BBG001S5SDX0,,,2026-03-06T07:08:17.587283846Z,2026-03-09,BBG000BMBL90,1,1,1,0,daily,2005-01-01,2026-03-09,True,high,active
JBL,Jabil Inc.,stocks,us,XNYS,CS,True,usd,0000898293,BBG000BJNGN9,BBG001S7RB70,,,2026-03-06T07:08:17.587299897Z,2026-03-09,BBG000BJNGN9,1,1,1,0,daily,2005-01-01,2026-03-09,True,high,active
JBLU,JetBlue Airways Corp,stocks,us,XNAS,CS,True,usd,0001158463,BBG000BRQ6L2,BBG001S9YPC1,,,2026-03-06T07:08:17.587300107Z,2026-03-09,BBG000BRQ6L2,0,1,1,0,daily,2016-10-25,2026-03-09,True,high,active
JCI,Johnson Controls International plc,stocks,us,XNYS,CS,True,usd,0000833444,,,,,2026-03-06T07:08:17.587301029Z,2026-03-09,JCI|XNYS,1,0,0,0,daily,2005-01-01,2026-03-09,True,high,active
JNJ,Johnson & Johnson,stocks,us,XNYS,CS,True,usd,0000200406,BBG000BMHYD1,BBG001S5SHQ9,,,2026-03-06T07:08:17.587311719Z,2026-03-09,BBG000BMHYD1,1,1,1,0,daily,2005-01-01,2026-03-09,True,high,active
JNPR,Juniper Networks Inc,stocks,us,XNYS,CS,True,usd,0001043604,BBG000BWS318,BBG001SCTT05,,,2025-07-03T06:04:57.802696855Z,2025-07-02,BBG000BWS318,1,1,1,0,daily,2019-09-24,2025-07-02,True,high,inactive
JPM,JPMorgan Chase & Co.,stocks,us,XNYS,CS,True,usd,0000019617,BBG000DMBXR2,BBG001S8CRC3,,,2026-03-06T07:08:17.587313944Z,2026-03-09,BBG000DMBXR2,1,1,1,0,daily,2005-01-01,2026-03-09,True,high,active
JWN,"Nordstrom, Inc.",stocks,us,XNYS,CS,True,usd,0000072333,BBG000D281V5,BBG001S7BDN5,,,2024-12-03T22:23:59.248098Z,2022-02-08,BBG000D281V5,1,1,1,0,daily,2022-02-08,2022-02-08,True,high,inactive
K,Kellanova,stocks,us,XNYS,CS,True,usd,0000055067,BBG000BMKDM3,BBG001S5SJL0,,,2025-12-11T07:06:22.889467581Z,2025-12-10,BBG000BMKDM3,1,1,1,0,daily,2005-01-01,2025-12-10,True,high,inactive
KBH,KB Home,stocks,us,XNYS,CS,True,usd,0000795266,BBG000BMLWX8,BBG001S5SJV9,,,2026-03-06T07:08:17.587324073Z,2026-03-09,BBG000BMLWX8,1,1,1,0,daily,2005-01-01,2026-03-09,True,high,active
KEY,KeyCorp,stocks,us,XNYS,CS,True,usd,0000091576,BBG000BMQPL1,BBG001S5SKV6,,,2026-03-06T07:08:17.587331417Z,2026-03-09,BBG000BMQPL1,1,1,1,0,daily,2005-01-01,2026-03-09,True,high,active
KGC,Kinross Gold Corporation,stocks,us,XNYS,CS,True,usd,0000701818,BBG000BB2DM7,BBG001S5R0C2,,,2026-03-06T07:08:17.587334513Z,2026-03-09,BBG000BB2DM7,1,1,1,0,daily,2005-01-01,2026-03-09,True,high,active
KIM,Kimco Realty Corp.,stocks,us,XNYS,CS,True,usd,0000879101,BBG000CN3S73,BBG001S70279,,,2026-03-06T07:08:17.587336817Z,2026-03-09,BBG000CN3S73,1,1,1,0,daily,2005-01-01,2026-03-09,True,high,active
KLAC,KLA Corporation Common Stock,stocks,us,XNAS,CS,True,usd,0000319201,BBG000BMTFR4,BBG001S5SLM4,,,2026-03-06T07:08:17.587340214Z,2026-03-09,BBG000BMTFR4,0,1,1,0,daily,2016-10-25,2026-03-09,True,high,active
KMB,Kimberly-Clark Corp.,stocks,us,XNAS,CS,True,usd,0000055785,BBG000BMW2Z0,BBG001S5SLZ0,,,2026-03-06T07:08:17.58734353Z,2026-03-09,BBG000BMW2Z0,0,1,1,0,daily,2005-01-01,2026-03-09,True,high,active
KMX,CarMax Inc.,stocks,us,XNYS,CS,True,usd,0001170010,BBG000BLMZK6,BBG001SD9561,,,2026-03-06T07:08:17.587345865Z,2026-03-09,BBG000BLMZK6,1,1,1,0,daily,2005-01-01,2026-03-09,True,high,active
KO,Coca-Cola Company,stocks,us,XNYS,CS,True,usd,0000021344,BBG000BMX289,BBG001S5SMQ8,,,2026-03-06T07:08:17.587349081Z,2026-03-09,BBG000BMX289,1,1,1,0,daily,2005-01-01,2026-03-09,True,high,active
KR,The Kroger Co.,stocks,us,XNYS,CS,True,usd,0000056873,BBG000BMY992,BBG001S5SN40,,,2026-03-06T07:08:17.58735393Z,2026-03-09,BBG000BMY992,1,1,1,0,daily,2005-01-01,2026-03-09,True,high,active
KSS,Kohls Corporation,stocks,us,XNYS,CS,True,usd,0000885639,BBG000CS7CT9,BBG001S71NV5,,,2026-03-06T07:08:17.587358148Z,2026-03-09,BBG000CS7CT9,1,1,1,0,daily,2005-01-01,2026-03-09,True,high,active
LEN,Lennar Corporation Class A,stocks,us,XNYS,CS,True,usd,0000920760,BBG000BN5HF7,BBG001S5SRK3,,,2026-03-06T07:08:17.587383897Z,2026-03-09,BBG000BN5HF7,1,1,1,0,daily,2005-01-01,2026-03-09,True,high,active
LLY,Eli Lilly & Co.,stocks,us,XNYS,CS,True,usd,0000059478,BBG000BNBDC2,BBG001S5STL8,,,2026-03-06T07:08:17.587401791Z,2026-03-09,BBG000BNBDC2,1,1,1,0,daily,2005-01-01,2026-03-09,True,high,active
LMT,Lockheed Martin Corp.,stocks,us,XNYS,CS,True,usd,0000936468,BBG000C1BW00,BBG001S7PS57,,,2026-03-06T07:08:17.587404426Z,2026-03-09,BBG000C1BW00,1,1,1,0,daily,2005-01-01,2026-03-09,True,high,active
LNC,Lincoln National Corp.,stocks,us,XNYS,CS,True,usd,0000059558,BBG000BNC3Y9,BBG001S5STV7,,,2026-03-06T07:08:17.587405518Z,2026-03-09,BBG000BNC3Y9,1,1,1,0,daily,2005-01-01,2026-03-09,True,high,active
LOW,Lowe's Companies Inc.,stocks,us,XNYS,CS,True,usd,0000060667,BBG000BNDN65,BBG001S5SVL3,,,2026-03-06T07:08:17.587421799Z,2026-03-09,BBG000BNDN65,1,1,1,0,daily,2005-01-01,2026-03-09,True,high,active
LRCX,Lam Research Corp,stocks,us,XNAS,CS,True,usd,0000707549,BBG000BNFLM9,BBG001S5SW40,,,2026-03-06T07:08:17.587427861Z,2026-03-09,BBG000BNFLM9,0,1,1,0,daily,2016-10-25,2026-03-09,True,high,active
LUV,Southwest Airlines Co.,stocks,us,XNYS,CS,True,usd,0000092380,BBG000BNJHS8,BBG001S5SXC9,,,2026-03-06T07:08:17.587437349Z,2026-03-09,BBG000BNJHS8,1,1,1,0,daily,2005-01-01,2026-03-09,True,high,active
LVS,Las Vegas Sands Corp.,stocks,us,XNYS,CS,True,usd,0001300514,BBG000JWD753,BBG001SJCGP9,,,2026-03-06T07:08:17.587438802Z,2026-03-09,BBG000JWD753,1,1,1,0,daily,2005-01-01,2026-03-09,True,high,active
M,Macy's Inc.,stocks,us,XNYS,CS,True,usd,0000794367,BBG000C46HM9,BBG001S6KRW6,,,2026-03-06T07:08:17.587444152Z,2026-03-09,BBG000C46HM9,1,1,1,0,daily,2007-06-01,2026-03-09,True,high,active
MAR,Marriott International Class A Common Stock,stocks,us,XNAS,CS,True,usd,0001048286,BBG000BGD7W6,BBG001S78K44,,,2026-03-06T07:08:17.587450795Z,2026-03-09,BBG000BGD7W6,0,1,1,0,daily,2005-01-01,2026-03-09,True,high,active
MAS,Masco Corporation,stocks,us,XNYS,CS,True,usd,0000062996,BBG000BNNKG9,BBG001S5SZ70,,,2026-03-06T07:08:17.587453129Z,2026-03-09,BBG000BNNKG9,1,1,1,0,daily,2005-01-01,2026-03-09,True,high,active
MAT,"Mattel, Inc.",stocks,us,XNAS,CS,True,usd,0000063276,BBG000BNNYW1,BBG001S5SZF1,,,2026-03-06T07:08:17.58745378Z,2026-03-09,BBG000BNNYW1,0,1,1,0,daily,2005-01-01,2026-03-09,True,high,active
MCD,McDonald's Corporation,stocks,us,XNYS,CS,True,usd,0000063908,BBG000BNSZP1,BBG001S5T110,,,2026-03-06T07:08:17.58746418Z,2026-03-09,BBG000BNSZP1,1,1,1,0,daily,2005-01-01,2026-03-09,True,high,active
MCHP,Microchip Technology Inc,stocks,us,XNAS,CS,True,usd,0000827054,BBG000BHCP19,BBG001S787B5,,,2026-03-06T07:08:17.587465693Z,2026-03-09,BBG000BHCP19,0,1,1,0,daily,2016-10-25,2026-03-09,True,high,active
MDT,Medtronic plc,stocks,us,XNYS,CS,True,usd,0001613103,,,,,2026-03-06T07:08:17.587472456Z,2026-03-09,MDT|XNYS,1,0,0,0,daily,2005-01-01,2026-03-09,True,high,active
MET,"MetLife, Inc.",stocks,us,XNYS,CS,True,usd,0001099219,BBG000BB6KF5,BBG001S5T3R8,,,2026-03-06T07:08:17.587478808Z,2026-03-09,BBG000BB6KF5,1,1,1,0,daily,2005-01-01,2026-03-09,True,high,active
MGM,MGM RESORTS INTERNATIONAL,stocks,us,XNYS,CS,True,usd,0000789570,BBG000C2BXK4,BBG001S6BYT5,,,2026-03-06T07:08:17.587488957Z,2026-03-09,BBG000C2BXK4,1,1,1,0,daily,2005-01-01,2026-03-09,True,high,active
MMM,3M Company,stocks,us,XNYS,CS,True,usd,0000066740,BBG000BP52R2,BBG001S5T7X2,,,2026-03-06T07:08:17.587509066Z,2026-03-09,BBG000BP52R2,1,1,1,0,daily,2005-01-01,2026-03-09,True,high,active
MO,"Altria Group, Inc.",stocks,us,XNYS,CS,True,usd,0000764180,BBG000BP6LJ8,BBG001S5T8T5,,,2026-03-06T07:08:17.587515518Z,2026-03-09,BBG000BP6LJ8,1,1,1,0,daily,2005-01-01,2026-03-09,True,high,active
MOS,The Mosaic Company,stocks,us,XNYS,CS,True,usd,0001285785,BBG000BFXHL6,BBG001S7LJN1,,,2026-03-06T07:08:17.587518333Z,2026-03-09,BBG000BFXHL6,1,1,1,0,daily,2011-05-23,2026-03-09,True,high,active
MRK,"Merck & Co., Inc.",stocks,us,XNYS,CS,True,usd,0000310158,BBG000BPD168,BBG001S5TC52,,,2026-03-06T07:08:17.587523223Z,2026-03-09,BBG000BPD168,1,1,1,0,daily,2009-11-05,2026-03-09,True,high,active
MRO,Marathon Oil Corporation,stocks,us,XNYS,CS,True,usd,0000101778,BBG000C49LF5,BBG001S69V69,,,2024-12-03T22:23:59.247537Z,2022-02-08,BBG000C49LF5,1,1,1,0,daily,2022-02-08,2022-02-08,True,high,inactive
MRVL,"Marvell Technology, Inc. Common Stock",stocks,us,XNAS,CS,True,usd,0001835632,BBG00ZXBJ153,BBG00ZXBJ162,,,2026-03-06T07:08:17.587525938Z,2026-03-09,BBG00ZXBJ153,0,1,1,0,daily,2021-04-21,2026-03-09,True,high,active
MS,Morgan Stanley,stocks,us,XNYS,CS,True,usd,0000895421,BBG000BLX7P1,BBG001S9V5Z3,,,2024-12-03T22:23:59.247663Z,2022-02-08,BBG000BLX7P1,1,1,1,0,daily,2022-02-08,2022-02-08,True,high,inactive
MSFT,Microsoft Corp,stocks,us,XNAS,CS,True,usd,0000789019,BBG000BPH459,BBG001S5TD05,,,2026-03-06T07:08:17.587529615Z,2026-03-09,BBG000BPH459,0,1,1,0,daily,2016-10-25,2026-03-09,True,high,active
MT,ArcelorMittal,stocks,us,XNYS,CS,True,usd,0001243429,BBG000BJH5W0,BBG001S8JFB3,,,2026-03-06T07:08:17.5875376Z,2026-03-09,BBG000BJH5W0,1,1,1,0,daily,2017-05-22,2026-03-09,True,high,active
MTG,MGIC Investment Corp.,stocks,us,XNYS,CS,True,usd,0000876437,BBG000CBMH27,BBG001S6SFR0,,,2026-03-06T07:08:17.587541487Z,2026-03-09,BBG000CBMH27,1,1,1,0,daily,2005-01-01,2026-03-09,True,high,active
MU,"Micron Technology, Inc.",stocks,us,XNAS,CS,True,usd,0000723125,BBG000C5Z1S3,BBG001S6P675,,,2026-03-06T07:08:17.587544644Z,2026-03-09,BBG000C5Z1S3,0,1,1,0,daily,2005-01-01,2026-03-09,True,high,active
MUR,Murphy Oil Corp.,stocks,us,XNYS,CS,True,usd,0000717423,BBG000BPMH90,BBG001S5TG80,,,2026-03-06T07:08:17.587546978Z,2026-03-09,BBG000BPMH90,1,1,1,0,daily,2005-01-01,2026-03-09,True,high,active
NEM,Newmont Corporation,stocks,us,XNYS,CS,True,usd,0001164727,BBG000BPWXK1,BBG001S5TKX3,,,2026-03-06T07:08:17.587579881Z,2026-03-09,BBG000BPWXK1,1,1,1,0,daily,2005-01-01,2026-03-09,True,high,active
NFLX,NetFlix Inc,stocks,us,XNAS,CS,True,usd,0001065280,BBG000CL9VN6,BBG001SF6L46,,,2026-03-06T07:08:17.587585812Z,2026-03-09,BBG000CL9VN6,0,1,1,0,daily,2016-10-25,2026-03-09,True,high,active
NI,NiSource Inc.,stocks,us,XNYS,CS,True,usd,0001111711,BBG000BPZBB6,BBG001S5TMF9,,,2026-03-06T07:08:17.587589499Z,2026-03-09,BBG000BPZBB6,1,1,1,0,daily,2005-01-01,2026-03-09,True,high,active
NKE,"Nike, Inc.",stocks,us,XNYS,CS,True,usd,0000320187,BBG000C5HS04,BBG001S6NTK2,,,2026-03-06T07:08:17.587593777Z,2026-03-09,BBG000C5HS04,1,1,1,0,daily,2005-01-01,2026-03-09,True,high,active
NLY,Annaly Capital Management. Inc.,stocks,us,XNYS,CS,True,usd,0001043219,BBG000BJFJ98,BBG001S8J4S0,,,2026-03-06T07:08:17.587595691Z,2026-03-09,BBG000BJFJ98,1,1,1,0,daily,2005-01-01,2026-03-09,True,high,active
NOK,NOKIA CORP ADS (REP 1 SHARE),stocks,us,XNYS,CS,True,usd,0000924613,BBG000BNGBW9,BBG001SCPCG9,,,2025-01-15T16:53:40.662748Z,2016-10-24,BBG000BNGBW9,1,1,1,0,daily,2005-01-01,2016-10-24,True,high,inactive
NOV,NOV Inc.,stocks,us,XNYS,CS,True,usd,0001021860,BBG000BJX8C8,BBG001S6HFR2,,,2026-03-06T07:08:17.587607503Z,2026-03-09,BBG000BJX8C8,1,1,1,0,daily,2021-01-04,2026-03-09,True,high,active
NRG,"NRG Energy, Inc.",stocks,us,XNYS,CS,True,usd,0001013871,BBG000C0QG38,BBG001SDD8F0,,,2024-12-03T22:23:59.248171Z,2022-02-08,BBG000C0QG38,1,1,1,0,daily,2022-02-08,2022-02-08,True,high,inactive
NSC,Norfolk Southern Corp.,stocks,us,XNYS,CS,True,usd,0000702165,BBG000BQ5DS5,BBG001S5TQJ6,,,2026-03-06T07:08:17.58761637Z,2026-03-09,BBG000BQ5DS5,1,1,1,0,daily,2005-01-01,2026-03-09,True,high,active
NTAP,"NetApp, Inc",stocks,us,XNAS,CS,True,usd,0001002047,BBG000FP1N32,BBG001S8LYX5,,,2026-03-06T07:08:17.587618514Z,2026-03-09,BBG000FP1N32,0,1,1,0,daily,2016-10-25,2026-03-09,True,high,active
NUE,Nucor Corporation,stocks,us,XNYS,CS,True,usd,0000073309,BBG000BQ8KV2,BBG001S5TRV0,,,2026-03-06T07:08:17.587628113Z,2026-03-09,BBG000BQ8KV2,1,1,1,0,daily,2005-01-01,2026-03-09,True,high,active
NVAX,Novavax Inc,stocks,us,XNAS,CS,True,usd,0001000694,BBG000N2H7S5,BBG001SGL8G3,,,2024-12-03T22:23:59.247438Z,2022-02-08,BBG000N2H7S5,0,1,1,0,daily,2022-02-08,2022-02-08,True,high,inactive
NVDA,Nvidia Corp,stocks,us,XNAS,CS,True,usd,0001045810,BBG000BBJQV0,BBG001S5TZJ6,,,2026-03-06T07:08:17.587634124Z,2026-03-09,BBG000BBJQV0,0,1,1,0,daily,2016-10-25,2026-03-09,True,high,active
NVS,NOVARTIS AG ADS(1 REG SH),stocks,us,XNYS,CS,True,usd,0001114448,BBG000LYF3S8,BBG001SF5LW6,,,2025-01-15T16:53:40.661744Z,2016-10-24,BBG000LYF3S8,1,1,1,0,daily,2005-01-01,2016-10-24,True,high,inactive
NWL,Newell Brands Inc.,stocks,us,XNAS,CS,True,usd,0000814453,BBG000BQC9V2,BBG001S5TSW7,,,2026-03-06T07:08:17.587640807Z,2026-03-09,BBG000BQC9V2,0,1,1,0,daily,2005-01-01,2026-03-09,True,high,active
O,Realty Income Corporation,stocks,us,XNYS,CS,True,usd,0000726728,BBG000DHPN63,BBG001S884K0,,,2026-03-06T07:08:17.587645786Z,2026-03-09,BBG000DHPN63,1,1,1,0,daily,2005-01-01,2026-03-09,True,high,active
OKE,"Oneok, Inc.",stocks,us,XNYS,CS,True,usd,0001039684,BBG000BQHGR6,BBG001S5TWK1,,,2026-03-06T07:08:17.587662117Z,2026-03-09,BBG000BQHGR6,1,1,1,0,daily,2005-01-01,2026-03-09,True,high,active
OMC,Omnicom Group Inc.,stocks,us,XNYS,CS,True,usd,0000029989,BBG000BS9489,BBG001S5VR10,,,2026-03-06T07:08:17.587665324Z,2026-03-09,BBG000BS9489,1,1,1,0,daily,2005-01-01,2026-03-09,True,high,active
ORCL,Oracle Corp,stocks,us,XNYS,CS,True,usd,0001341439,BBG000BQLTW7,BBG001S5SJG6,,,2026-03-06T07:08:17.587680823Z,2026-03-09,BBG000BQLTW7,1,1,1,0,daily,2013-07-16,2026-03-09,True,high,active
OXY,Occidental Petroleum Corporation,stocks,us,XNYS,CS,True,usd,0000797468,BBG000BQQ2S6,BBG001S5TZG9,,,2026-03-06T07:08:17.587697655Z,2026-03-09,BBG000BQQ2S6,1,1,1,0,daily,2005-01-01,2026-03-09,True,high,active
PAAS,PAN American Silver Corp,stocks,us,XNAS,CS,True,usd,0000771992,BBG000BC8SH2,BBG001S5ZXR5,,,2024-12-03T22:23:59.247533Z,2022-02-08,BBG000BC8SH2,0,1,1,0,daily,2022-02-08,2022-02-08,True,high,inactive
PAYX,Paychex Inc,stocks,us,XNAS,CS,True,usd,0000723531,BBG000BQSQ38,BBG001S5V135,,,2026-03-06T07:08:17.587710109Z,2026-03-09,BBG000BQSQ38,0,1,1,0,daily,2016-10-25,2026-03-09,True,high,active
PBR,PETRO BRAS SA PETROBAS ADS (EA REPTG 2 COM SHS),stocks,us,XNYS,CS,True,usd,0001119639,BBG000BS6FX9,BBG001SF6W88,,,2025-01-15T16:53:40.662342Z,2016-10-24,BBG000BS6FX9,1,1,1,0,daily,2005-01-01,2016-10-24,True,high,inactive
PBR.A,PETROLEO BRAS ADS (EA REPTG 2 PFD SHS),stocks,us,XNYS,CS,True,usd,0001119639,BBG000BVNV22,BBG001SFJFD5,,,2025-01-15T16:53:40.661599Z,2016-10-24,BBG000BVNV22,1,1,1,0,daily,2005-01-01,2016-10-24,True,high,inactive
PCAR,Paccar Inc,stocks,us,XNAS,CS,True,usd,0000075362,BBG000BQVTF5,BBG001S5V1S8,,,2026-03-06T07:08:17.587718655Z,2026-03-09,BBG000BQVTF5,0,1,1,0,daily,2016-10-25,2026-03-09,True,high,active
PCG,PG&E Corporation,stocks,us,XNYS,CS,True,usd,0001004980,BBG000BQWPC5,BBG001S5V206,,,2026-03-06T07:08:17.587719236Z,2026-03-09,BBG000BQWPC5,1,1,1,0,daily,2005-01-01,2026-03-09,True,high,active
PEG,Public Service Enterprise Group Incorporated,stocks,us,XNYS,CS,True,usd,0000788784,BBG000BQZMH4,BBG001S5V3C1,,,2026-03-06T07:08:17.587733083Z,2026-03-09,BBG000BQZMH4,1,1,1,0,daily,2005-01-01,2026-03-09,True,high,active
PEP,"PepsiCo, Inc.",stocks,us,XNAS,CS,True,usd,0000077476,BBG000C1X2B0,BBG001S695T1,,,2024-12-03T22:23:59.24831Z,2022-02-08,BBG000C1X2B0,0,1,1,0,daily,2022-02-08,2022-02-08,True,high,inactive
PFE,Pfizer Inc.,stocks,us,XNYS,CS,True,usd,0000078003,BBG000BR2B91,BBG001S5V466,,,2026-03-06T07:08:17.587737952Z,2026-03-09,BBG000BR2B91,1,1,1,0,daily,2005-01-01,2026-03-09,True,high,active
PFG,"Principal Financial Group, Inc.",stocks,us,XNAS,CS,True,usd,0001126328,BBG000KS58C9,BBG001SD3148,,,2024-12-03T22:23:59.247392Z,2022-02-08,BBG000KS58C9,0,1,1,0,daily,2022-02-08,2022-02-08,True,high,inactive
PG,Procter & Gamble Company,stocks,us,XNYS,CS,True,usd,0000080424,BBG000BR2TH3,BBG001S5V4L9,,,2026-03-06T07:08:17.587741619Z,2026-03-09,BBG000BR2TH3,1,1,1,0,daily,2005-01-01,2026-03-09,True,high,active
PGR,Progressive Corporation,stocks,us,XNYS,CS,True,usd,0000080661,BBG000BR37X2,BBG001S5V509,,,2026-03-06T07:08:17.587743032Z,2026-03-09,BBG000BR37X2,1,1,1,0,daily,2005-01-01,2026-03-09,True,high,active
PHM,"Pultegroup, Inc.",stocks,us,XNYS,CS,True,usd,0000822416,BBG000BR54L0,BBG001S5V5K7,,,2026-03-06T07:08:17.587745627Z,2026-03-09,BBG000BR54L0,1,1,1,0,daily,2005-01-01,2026-03-09,True,high,active
PLD,"PROLOGIS, INC.",stocks,us,XNYS,CS,True,usd,0001045609,BBG000B9Z0J8,BBG001S5NMN6,,,2026-03-06T07:08:17.587753211Z,2026-03-09,BBG000B9Z0J8,1,1,1,0,daily,2011-06-06,2026-03-09,True,high,active
PLUG,Plug Power Inc.,stocks,us,XNAS,CS,True,usd,0001093691,BBG000BCDKM7,BBG001S6GJB2,,,2024-12-03T22:23:59.247551Z,2022-02-08,BBG000BCDKM7,0,1,1,0,daily,2022-02-08,2022-02-08,True,high,inactive
PNC,PNC Financial Services Group,stocks,us,XNYS,CS,True,usd,0000713676,BBG000BRD0D8,BBG001S5V947,,,2026-03-06T07:08:17.587765885Z,2026-03-09,BBG000BRD0D8,1,1,1,0,daily,2005-01-01,2026-03-09,True,high,active
PPG,"PPG Industries, Inc.",stocks,us,XNYS,CS,True,usd,0000079879,BBG000BRJ809,BBG001S5VC13,,,2026-03-06T07:08:17.587772879Z,2026-03-09,BBG000BRJ809,1,1,1,0,daily,2005-01-01,2026-03-09,True,high,active
PPL,PPL Corporation,stocks,us,XNYS,CS,True,usd,0000922224,BBG000BRJL00,BBG001S5VC31,,,2026-03-06T07:08:17.58777368Z,2026-03-09,BBG000BRJL00,1,1,1,0,daily,2005-01-01,2026-03-09,True,high,active
PRU,"Prudential Financial, Inc.",stocks,us,XNYS,CS,True,usd,0001137774,BBG000HCJMF9,BBG001S97MM7,,,2026-03-06T07:08:17.587783078Z,2026-03-09,BBG000HCJMF9,1,1,1,0,daily,2005-01-01,2026-03-09,True,high,active
PTEN,Patterson-UTI Energy Inc,stocks,us,XNAS,CS,True,usd,0000889900,BBG000BKXFN7,BBG001S7GWF7,,,2026-03-06T07:08:17.58779458Z,2026-03-09,BBG000BKXFN7,0,1,1,0,daily,2016-10-25,2026-03-09,True,high,active
QCOM,Qualcomm Inc,stocks,us,XNAS,CS,True,usd,0000804328,BBG000CGC1X8,BBG001S6VS70,,,2026-03-06T07:08:17.587811332Z,2026-03-09,BBG000CGC1X8,0,1,1,0,daily,2016-10-25,2026-03-09,True,high,active
RCL,Royal Caribbean Group,stocks,us,XNYS,CS,True,usd,0000884887,,,,,2026-03-06T07:08:17.587842541Z,2026-03-09,RCL|XNYS,1,0,0,0,daily,2005-01-01,2026-03-09,True,high,active
RF,Regions Financial Corp.,stocks,us,XNYS,CS,True,usd,0001281761,BBG000Q3JN03,BBG001SM4KY2,,,2026-03-06T07:08:17.587853843Z,2026-03-09,BBG000Q3JN03,1,1,1,0,daily,2005-01-01,2026-03-09,True,high,active
RIG,Transocean LTD.,stocks,us,XNYS,CS,True,usd,0001451505,,,,,2026-03-06T07:08:17.587861467Z,2026-03-09,RIG|XNYS,1,0,0,0,daily,2005-01-01,2026-03-09,True,high,active
RIO,RIO TINTO PLC ADS (4 ORD SHS),stocks,us,XNYS,CS,True,usd,0000863064,BBG000FD28T3,BBG001SB0LX9,,,2025-01-15T16:53:40.661264Z,2016-10-24,BBG000FD28T3,1,1,1,0,daily,2005-01-01,2016-10-24,True,high,inactive
ROST,Ross Stores Inc,stocks,us,XNAS,CS,True,usd,0000745732,BBG000BSBZH7,BBG001S5VRS1,,,2026-03-06T07:08:17.587881716Z,2026-03-09,BBG000BSBZH7,0,1,1,0,daily,2016-10-25,2026-03-09,True,high,active
RRC,Range Resources Corp,stocks,us,XNYS,CS,True,usd,0000315852,BBG000FVXD63,BBG001SBZNN8,,,2026-03-06T07:08:17.587884572Z,2026-03-09,BBG000FVXD63,1,1,1,0,daily,2005-01-01,2026-03-09,True,high,active
S,"SentinelOne, Inc.",stocks,us,XNYS,CS,True,usd,0001583708,BBG00B6F2F09,BBG00B6F2F27,,,2026-03-06T07:08:17.587904439Z,2026-03-09,BBG00B6F2F09,1,1,1,0,daily,2021-06-29,2026-03-09,True,high,active
SBUX,Starbucks Corp,stocks,us,XNAS,CS,True,usd,0000829224,BBG000CTQBF3,BBG001S72KH6,,,2026-03-06T07:08:17.587918767Z,2026-03-09,BBG000CTQBF3,0,1,1,0,daily,2016-10-25,2026-03-09,True,high,active
SCHW,The Charles Schwab Corporation,stocks,us,XNYS,CS,True,usd,0000316709,BBG000BSLZY7,BBG001S5VXD4,,,2026-03-06T07:08:17.587926371Z,2026-03-09,BBG000BSLZY7,1,1,1,0,daily,2005-01-01,2026-03-09,True,high,active
SDS,SUNGARD DATA SYSTEMS INC.,stocks,us,XNYS,CS,True,usd,0000789388,,,,,2025-01-16T17:26:19.972666Z,2005-08-11,SDS|XNYS,1,0,0,0,daily,2005-01-01,2005-08-11,True,high,inactive
SIRI,"Sirius XM Holdings,  Inc",stocks,us,XNAS,CS,True,usd,0000908937,BBG000BGPKZ1,BBG001S70ZY6,,,2024-12-03T20:10:14.602572Z,2024-09-09,BBG000BGPKZ1,0,1,1,0,daily,2022-02-08,2024-09-09,True,high,inactive
SLB,SLB Limited,stocks,us,XNYS,CS,True,usd,0000087347,BBG000BT41Q8,BBG001S5W4C8,,,2026-03-06T07:08:17.587968181Z,2026-03-09,BBG000BT41Q8,1,1,1,0,daily,2005-01-01,2026-03-09,True,high,active
SLM,SLM Corporation,stocks,us,XNAS,CS,True,usd,0001032033,BBG000BBCQD7,BBG001S5W4T0,,,2026-03-06T07:08:17.587969724Z,2026-03-09,BBG000BBCQD7,0,1,1,0,daily,2005-01-01,2026-03-09,True,high,active
SM,SM Energy Company,stocks,us,XNYS,CS,True,usd,0000893538,BBG000BFV115,BBG001S6W0J7,,,2026-03-06T07:08:17.58797315Z,2026-03-09,BBG000BFV115,1,1,1,0,daily,2010-06-03,2026-03-09,True,high,active
SNY,SANOFI-ADR,stocks,us,XNYS,CS,True,usd,0001121404,BBG000BBD5N1,BBG001S5W768,,,2025-01-15T16:53:40.662936Z,2016-10-24,BBG000BBD5N1,1,1,1,0,daily,2005-01-01,2016-10-24,True,high,inactive
SO,The Southern Company,stocks,us,XNYS,CS,True,usd,0000092122,BBG000BT9DW0,BBG001S5W777,,,2026-03-06T07:08:17.587987347Z,2026-03-09,BBG000BT9DW0,1,1,1,0,daily,2005-01-01,2026-03-09,True,high,active
SPG,"Simon Property Group, Inc.",stocks,us,XNYS,CS,True,usd,0001063761,BBG000BJ2D31,BBG001S77WM9,,,2026-03-06T07:08:17.587997868Z,2026-03-09,BBG000BJ2D31,1,1,1,0,daily,2005-01-01,2026-03-09,True,high,active
SRE,Sempra,stocks,us,XNYS,CS,True,usd,0001032208,BBG000C2ZCH8,BBG001SBVZ73,,,2026-03-06T07:08:17.58800974Z,2026-03-09,BBG000C2ZCH8,1,1,1,0,daily,2005-01-01,2026-03-09,True,high,active
STLD,Steel Dynamics Inc,stocks,us,XNAS,CS,True,usd,0001022671,BBG000HGYNZ9,BBG001S98JK5,,,2026-03-06T07:08:17.588021953Z,2026-03-09,BBG000HGYNZ9,0,1,1,0,daily,2016-10-25,2026-03-09,True,high,active
STM,STMicroelectronics N.V.,stocks,us,XNYS,CS,True,usd,0000932787,BBG000BD4GX2,BBG001S5WDM7,,,2026-03-06T07:08:17.588022034Z,2026-03-09,BBG000BD4GX2,1,1,1,0,daily,2005-01-01,2026-03-09,True,high,active
STT,State Street Corporation,stocks,us,XNYS,CS,True,usd,0000093751,BBG000BKFBD7,BBG001S5RLD5,,,2026-03-06T07:08:17.588026652Z,2026-03-09,BBG000BKFBD7,1,1,1,0,daily,2005-01-01,2026-03-09,True,high,active
STX,Seagate Technology Holdings PLC Ordinary Shares (Ireland),stocks,us,XNAS,CS,True,usd,0001137789,,,,,2026-03-06T07:08:17.588027825Z,2026-03-09,STX|XNAS,0,0,0,0,daily,2010-07-22,2026-03-09,True,high,active
STZ,"Constellation Brands, Inc.",stocks,us,XNYS,CS,True,usd,0000016918,BBG000GLJ2B8,BBG001SD31G5,,,2024-12-03T22:23:59.246785Z,2022-02-08,BBG000GLJ2B8,1,1,1,0,daily,2022-02-08,2022-02-08,True,high,inactive
SU,"Suncor Energy, Inc.",stocks,us,XNYS,CS,True,usd,0000311337,BBG000BC1LY5,BBG001S5YSF0,,,2024-12-03T22:23:59.248109Z,2022-02-08,BBG000BC1LY5,1,1,1,0,daily,2022-02-08,2022-02-08,True,high,inactive
SWKS,Skyworks Solutions Inc,stocks,us,XNAS,CS,True,usd,0000004127,BBG000GB4HW0,BBG001SCYWS2,,,2024-12-03T22:23:59.248319Z,2022-02-08,BBG000GB4HW0,0,1,1,0,daily,2022-02-08,2022-02-08,True,high,inactive
SWN,Southwestern Energy Company,stocks,us,XNYS,CS,True,usd,0000007332,BBG000BTR593,BBG001S5WHW7,,,2024-12-03T20:10:26.850501Z,2024-09-30,BBG000BTR593,1,1,1,0,daily,2005-01-01,2024-09-30,True,high,inactive
SYK,Stryker Corporation,stocks,us,XNYS,CS,True,usd,0000310764,BBG000DN7P92,BBG001S8FR03,,,2026-03-06T07:08:17.588042783Z,2026-03-09,BBG000DN7P92,1,1,1,0,daily,2005-01-01,2026-03-09,True,high,active
SYY,Sysco Corporation,stocks,us,XNYS,CS,True,usd,0000096021,BBG000BTVJ25,BBG001S5WJS8,,,2026-03-06T07:08:17.588043765Z,2026-03-09,BBG000BTVJ25,1,1,1,0,daily,2005-01-01,2026-03-09,True,high,active
T,AT&T Inc.,stocks,us,XNYS,CS,True,usd,0000732717,BBG000BSJK37,BBG001S5VWH2,,,2026-03-06T07:08:17.588044557Z,2026-03-09,BBG000BSJK37,1,1,1,0,daily,2005-11-21,2026-03-09,True,high,active
TER,"Teradyne, Inc. Common Stock",stocks,us,XNAS,CS,True,usd,0000097210,BBG000BV4DR6,BBG001S5WMZ3,,,2026-03-06T07:08:17.588067991Z,2026-03-09,BBG000BV4DR6,0,1,1,0,daily,2005-01-01,2026-03-09,True,high,active
TEVA,TEVA PHARMACEUTICAL LTD INDS ADR,stocks,us,XNYS,CS,True,usd,0000818686,BBG000C0CD58,BBG001S62NT9,,,2025-01-15T16:53:40.662105Z,2016-10-24,BBG000C0CD58,1,1,1,0,daily,2012-05-31,2016-10-24,True,high,inactive
TGT,Target Corporation,stocks,us,XNYS,CS,True,usd,0000027419,BBG000FWB7P7,BBG001SC0K41,,,2024-12-03T22:23:59.247279Z,2022-02-08,BBG000FWB7P7,1,1,1,0,daily,2022-02-08,2022-02-08,True,high,inactive
THC,Tenet Healthcare Corporation New,stocks,us,XNYS,CS,True,usd,0000070318,BBG000CPHYL4,BBG001S70FY0,,,2026-03-06T07:08:17.588076277Z,2026-03-09,BBG000CPHYL4,1,1,1,0,daily,2012-10-12,2026-03-09,True,high,active
TJX,"TJX Companies, Inc. (The)",stocks,us,XNYS,CS,True,usd,0000109198,BBG000BV8DN6,BBG001S5WQ93,,,2026-03-06T07:08:17.588088039Z,2026-03-09,BBG000BV8DN6,1,1,1,0,daily,2005-01-01,2026-03-09,True,high,active
TMO,"Thermo Fisher Scientific, Inc.",stocks,us,XNYS,CS,True,usd,0000097745,BBG000BVDLH9,BBG001S5WS08,,,2026-03-06T07:08:17.58809863Z,2026-03-09,BBG000BVDLH9,1,1,1,0,daily,2005-01-01,2026-03-09,True,high,active
TOL,"Toll Brothers, Inc.",stocks,us,XNYS,CS,True,usd,0000794170,BBG000BVHBM1,BBG001S5WT15,,,2026-03-06T07:08:17.588102908Z,2026-03-09,BBG000BVHBM1,1,1,1,0,daily,2005-01-01,2026-03-09,True,high,active
TROW,T Rowe Price Group Inc,stocks,us,XNAS,CS,True,usd,0001113169,BBG000BVMPN3,BBG001S5WW18,,,2026-03-06T07:08:17.58811467Z,2026-03-09,BBG000BVMPN3,0,1,1,0,daily,2016-10-25,2026-03-09,True,high,active
TS,TENARIS S.A. ADS (EA REPTG 2 ORD SHS),stocks,us,XNYS,CS,True,usd,0001190723,BBG000PLD4R3,BBG001SLFCT6,,,2025-01-15T16:53:40.662648Z,2016-10-24,BBG000PLD4R3,1,1,1,0,daily,2005-01-01,2016-10-24,True,high,inactive
TSLA,"Tesla, Inc. Common Stock",stocks,us,XNAS,CS,True,usd,0001318605,BBG000N9MNX3,BBG001SQKGD7,,,2026-03-06T07:08:17.588124088Z,2026-03-09,BBG000N9MNX3,0,1,1,0,daily,2016-10-25,2026-03-09,True,high,active
TSM,TAIWAN SEMICON MFG LTD(5COMSH),stocks,us,XNYS,CS,True,usd,0001046179,BBG000BD8ZK0,BBG001S5WWW4,,,2025-01-15T16:53:40.662356Z,2016-10-24,BBG000BD8ZK0,1,1,1,0,daily,2005-01-01,2016-10-24,True,high,inactive
TSN,"Tyson Foods, Inc.",stocks,us,XNYS,CS,True,usd,0000100493,BBG000DKCC19,BBG001S871D5,,,2026-03-06T07:08:17.588128086Z,2026-03-09,BBG000DKCC19,1,1,1,0,daily,2005-01-01,2026-03-09,True,high,active
TTWO,Take-Two Interactive Software Inc,stocks,us,XNAS,CS,True,usd,0000946581,BBG000BS1YV5,BBG001S9TN41,,,2026-03-06T07:08:17.588134388Z,2026-03-09,BBG000BS1YV5,0,1,1,0,daily,2016-10-25,2026-03-09,True,high,active
TXN,Texas Instruments Incorporated,stocks,us,XNAS,CS,True,usd,0000097476,BBG000BVV7G1,BBG001S5WYZ7,,,2026-03-06T07:08:17.588142964Z,2026-03-09,BBG000BVV7G1,0,1,1,0,daily,2005-01-01,2026-03-09,True,high,active
TXT,"Textron, Inc.",stocks,us,XNYS,CS,True,usd,0000217346,BBG000BVVQQ8,BBG001S5WZ39,,,2026-03-06T07:08:17.588144006Z,2026-03-09,BBG000BVVQQ8,1,1,1,0,daily,2005-01-01,2026-03-09,True,high,active
TZA,TV AZTECA SA DE ADS (16 ORD),stocks,us,XNYS,CS,True,usd,0001023025,,,,,2025-01-16T17:26:07.274527Z,2005-07-17,TZA|XNYS,1,0,0,0,daily,2005-01-01,2005-07-17,True,high,inactive
UBS,UBS Group AG,stocks,us,XNYS,CS,True,usd,0001610520,,,,,2026-03-06T07:08:17.58815116Z,2026-03-09,UBS|XNYS,1,0,0,0,daily,2005-01-01,2026-03-09,True,high,active
UCO,"UNIVERSAL COMPRESSION HLDS,INC",stocks,us,XNYS,CS,True,usd,0001057234,,,,,2025-01-16T17:31:34.279336Z,2007-08-20,UCO|XNYS,1,0,0,0,daily,2005-01-01,2007-08-20,True,high,inactive
UL,UNILEVER PLC ADS NEW (EA REPTSG ONE ORD SH),stocks,us,XNYS,CS,True,usd,0000217410,BBG000BW1442,BBG001S5X1K4,,,2025-01-15T16:53:40.661858Z,2016-10-24,BBG000BW1442,1,1,1,0,daily,2005-01-01,2016-10-24,True,high,inactive
UNG,"UNITED STATES NATURAL GAS FUND, LP UNIT",stocks,us,ARCX,CS,True,usd,0001376227,,,,,2025-01-15T22:48:20.298031Z,2011-03-20,UNG|ARCX,3,0,0,0,daily,2009-06-11,2011-03-20,True,high,inactive
UNH,UNITEDHEALTH GROUP INCORPORATED (Delaware),stocks,us,XNYS,CS,True,usd,0000731766,BBG000CH5208,BBG001S6WCJ1,,,2026-03-06T07:08:17.588167811Z,2026-03-09,BBG000CH5208,1,1,1,0,daily,2005-01-01,2026-03-09,True,high,active
UNM,Unum Group,stocks,us,XNYS,CS,True,usd,0000005513,BBG000BW2QX0,BBG001S5X2J4,,,2026-03-06T07:08:17.588168944Z,2026-03-09,BBG000BW2QX0,1,1,1,0,daily,2005-01-01,2026-03-09,True,high,active
UNP,Union Pacific Corp.,stocks,us,XNYS,CS,True,usd,0000100885,BBG000BW3299,BBG001S5X2M0,,,2026-03-06T07:08:17.588169485Z,2026-03-09,BBG000BW3299,1,1,1,0,daily,2005-01-01,2026-03-09,True,high,active
UPS,"United Parcel Service, Inc. Class B",stocks,us,XNYS,CS,True,usd,0001090727,BBG000L9CV04,BBG001SDGSH1,,,2026-03-06T07:08:17.588172651Z,2026-03-09,BBG000L9CV04,1,1,1,0,daily,2005-01-01,2026-03-09,True,high,active
URBN,Urban Outfitters Inc,stocks,us,XNAS,CS,True,usd,0000912615,BBG000BL79J3,BBG001S7H9K1,,,2026-03-06T07:08:17.588174975Z,2026-03-09,BBG000BL79J3,0,1,1,0,daily,2016-10-25,2026-03-09,True,high,active
USB,U.S. Bancorp,stocks,us,XNYS,CS,True,usd,0000036104,BBG000FFDM15,BBG001S6T8C1,,,2026-03-06T07:08:17.588178742Z,2026-03-09,BBG000FFDM15,1,1,1,0,daily,2005-01-01,2026-03-09,True,high,active
USO,UNITED STATES OIL FUND LP,stocks,us,ARCX,CS,True,usd,0001327068,BBG00JRQQ6J9,BBG001SQNKR0,,,2025-01-15T22:39:59.279792Z,2014-02-10,BBG00JRQQ6J9,3,1,1,0,daily,2009-06-11,2014-02-10,True,high,inactive
V,VISA Inc.,stocks,us,XNYS,CS,True,usd,0001403161,BBG000PSKYX7,BBG001SRCFY3,,,2026-03-06T07:08:17.588194753Z,2026-03-09,BBG000PSKYX7,1,1,1,0,daily,2008-03-19,2026-03-09,True,high,active
VFC,V.F. Corporation,stocks,us,XNYS,CS,True,usd,0000103379,BBG000BWCKB6,BBG001S5X749,,,2026-03-06T07:08:17.588205994Z,2026-03-09,BBG000BWCKB6,1,1,1,0,daily,2005-01-01,2026-03-09,True,high,active
VLO,Valero Energy Corporation,stocks,us,XNYS,CS,True,usd,0001035002,BBG000BBGGQ1,BBG001S5X8K9,,,2026-03-06T07:08:17.588220071Z,2026-03-09,BBG000BBGGQ1,1,1,1,0,daily,2005-01-01,2026-03-09,True,high,active
VOD,VODAFONE GROUP PLC NEWSPONSORED ADR NO PAR (GBR),stocks,us,XNAS,CS,True,usd,0000839923,BBG000C4R6H6,BBG001S6MDB8,,,2025-01-15T16:53:40.662106Z,2016-10-24,BBG000C4R6H6,0,1,1,0,daily,2014-02-25,2016-10-24,True,high,inactive
VRTX,Vertex Pharmaceuticals Inc,stocks,us,XNAS,CS,True,usd,0000875320,BBG000C1S2X2,BBG001S68LJ8,,,2026-03-06T07:08:17.58823503Z,2026-03-09,BBG000C1S2X2,0,1,1,0,daily,2016-10-25,2026-03-09,True,high,active
VTR,"Ventas, Inc.",stocks,us,XNYS,CS,True,usd,0000740260,BBG000F999S4,BBG001S9T7M6,,,2024-12-03T22:23:59.24782Z,2022-02-08,BBG000F999S4,1,1,1,0,daily,2022-02-08,2022-02-08,True,high,inactive
VZ,Verizon Communications,stocks,us,XNYS,CS,True,usd,0000732712,BBG000C4T7T9,BBG001S67QY1,,,2024-12-03T22:23:59.247122Z,2022-02-08,BBG000C4T7T9,1,1,1,0,daily,2022-02-08,2022-02-08,True,high,inactive
WDC,Western Digital Corp.,stocks,us,XNAS,CS,True,usd,0000106040,BBG000BWNFZ9,BBG001S5XD28,,,2026-03-06T07:08:17.58825616Z,2026-03-09,BBG000BWNFZ9,0,1,1,0,daily,2005-01-01,2026-03-09,True,high,active
WEN,The Wendy's Company,stocks,us,XNAS,CS,True,usd,0000030697,BBG000D52545,BBG001S7HBX2,,,2026-03-06T07:08:17.588264265Z,2026-03-09,BBG000D52545,0,1,1,0,daily,2011-07-12,2026-03-09,True,high,active
WFC,Wells Fargo & Co.,stocks,us,XNYS,CS,True,usd,0000072971,BBG000BWQFY7,BBG001S5XF23,,,2026-03-06T07:08:17.588266429Z,2026-03-09,BBG000BWQFY7,1,1,1,0,daily,2005-01-01,2026-03-09,True,high,active
WM,"Waste Management, Inc.",stocks,us,XNYS,CS,True,usd,0000823768,BBG000BWVSR1,BBG001S5XH47,,,2026-03-06T07:08:17.588278352Z,2026-03-09,BBG000BWVSR1,1,1,1,0,daily,2005-01-01,2026-03-09,True,high,active
WMB,Williams Companies Inc.,stocks,us,XNYS,CS,True,usd,0000107263,BBG000BWVCP8,BBG001S5XH10,,,2026-03-06T07:08:17.588278563Z,2026-03-09,BBG000BWVCP8,1,1,1,0,daily,2005-01-01,2026-03-09,True,high,active
WMT,Walmart Inc. Common Stock,stocks,us,XNAS,CS,True,usd,0000104169,BBG000BWXBC2,BBG001S5XH92,,,2026-03-06T07:08:17.588279715Z,2026-03-09,BBG000BWXBC2,0,1,1,0,daily,2005-01-01,2026-03-09,True,high,active
WY,Weyerhaeuser Company,stocks,us,XNYS,CS,True,usd,0000106535,BBG000BX3BL3,BBG001S5XL11,,,2026-03-06T07:08:17.58829822Z,2026-03-09,BBG000BX3BL3,1,1,1,0,daily,2005-01-01,2026-03-09,True,high,active
WYNN,Wynn Resorts Ltd,stocks,us,XNAS,CS,True,usd,0001174922,BBG000LD9JQ8,BBG001SJZ2V8,,,2026-03-06T07:08:17.588298972Z,2026-03-09,BBG000LD9JQ8,0,1,1,0,daily,2016-10-25,2026-03-09,True,high,active
X,United States Steel Corporation,stocks,us,XNYS,CS,True,usd,0001163302,BBG000BX3TD3,BBG001S5XL75,,,2025-06-05T06:07:08.000414621Z,2025-06-04,BBG000BX3TD3,1,1,1,0,daily,2005-01-01,2025-06-04,True,high,inactive
XEL,"Xcel Energy, Inc.",stocks,us,XNAS,CS,True,usd,0000072903,BBG000BCTQ65,BBG001S7F0X8,,,2026-03-06T07:08:17.588306235Z,2026-03-09,BBG000BCTQ65,0,1,1,0,daily,2005-01-01,2026-03-09,True,high,active
XOM,Exxon Mobil Corporation,stocks,us,XNYS,CS,True,usd,0000034088,BBG000GZQ728,BBG001S69V32,,,2026-03-06T07:08:17.588318519Z,2026-03-09,BBG000GZQ728,1,1,1,0,daily,2005-01-01,2026-03-09,True,high,active
XRX,Xerox Corp,stocks,us,XNYS,CS,True,usd,0000108772,BBG007GJG347,BBG001S5XLX6,,,2024-12-03T21:32:51.155312Z,2019-07-31,BBG007GJG347,1,1,1,0,daily,2017-06-15,2019-07-31,True,high,inactive
YUM,"Yum! Brands, Inc.",stocks,us,XNYS,CS,True,usd,0001041061,BBG000BH3GZ2,BBG001S7JQ30,,,2026-03-06T07:08:17.588344709Z,2026-03-09,BBG000BH3GZ2,1,1,1,0,daily,2005-01-01,2026-03-09,True,high,active
ZION,Zions Bancorporation N.A.,stocks,us,XNAS,CS,True,usd,0000109380,BBG000BX9WL1,BBG001S5XN80,,,2026-03-06T07:08:17.588355449Z,2026-03-09,BBG000BX9WL1,0,1,1,0,daily,2016-10-25,2026-03-09,True,high,active
